-- phpMyAdmin SQL Dump
-- version 4.8.3
-- https://www.phpmyadmin.net/
--
-- Host: 127.0.0.1
-- Generation Time: Nov 15, 2018 at 06:34 PM
-- Server version: 10.1.36-MariaDB
-- PHP Version: 7.1.23

SET SQL_MODE = "NO_AUTO_VALUE_ON_ZERO";
SET AUTOCOMMIT = 0;
START TRANSACTION;
SET time_zone = "+00:00";


/*!40101 SET @OLD_CHARACTER_SET_CLIENT=@@CHARACTER_SET_CLIENT */;
/*!40101 SET @OLD_CHARACTER_SET_RESULTS=@@CHARACTER_SET_RESULTS */;
/*!40101 SET @OLD_COLLATION_CONNECTION=@@COLLATION_CONNECTION */;
/*!40101 SET NAMES utf8mb4 */;

--
-- Database: `cineaste`
--

-- --------------------------------------------------------

--
-- Table structure for table `sf_comment`
--

CREATE TABLE `sf_comment` (
  `id` int(11) NOT NULL,
  `post_id` int(11) NOT NULL,
  `author_id` int(11) NOT NULL,
  `content` longtext CHARACTER SET utf8mb4 COLLATE utf8mb4_unicode_ci NOT NULL,
  `published_at` datetime NOT NULL
) ENGINE=InnoDB DEFAULT CHARSET=utf8;

--
-- Dumping data for table `sf_comment`
--

INSERT INTO `sf_comment` (`id`, `post_id`, `author_id`, `content`, `published_at`) VALUES
(1, 1, 3, 'Sunt accentores vitare salvus flavum parses. Curabitur aliquam euismod dolor non ornare. Nunc viverra elit ac laoreet suscipit. Lorem ipsum dolor sit amet consectetur adipiscing elit. Eros diam egestas libero eu vulputate risus.', '2018-11-15 17:49:14'),
(2, 1, 3, 'Ubi est barbatus nix. Aliquam sodales odio id eleifend tristique. Potus sensim ad ferox abnoba. Pellentesque vitae velit ex. Nunc viverra elit ac laoreet suscipit. Ubi est audax amicitia. Lorem ipsum dolor sit amet consectetur adipiscing elit. Ut eleifend mauris et risus ultrices egestas. Teres talis saepe tractare de camerarius flavum sensorem. Sunt torquises imitari velox mirabilis medicinaes.', '2018-11-15 17:49:15'),
(3, 1, 3, 'Ut suscipit posuere justo at vulputate. Era brevis ratione est. Diatrias tolerare tanquam noster caesium. Vae humani generis. Potus sensim ad ferox abnoba. Sunt torquises imitari velox mirabilis medicinaes. Eposs sunt solems de superbus fortis. Teres talis saepe tractare de camerarius flavum sensorem. Abnobas sunt hilotaes de placidus vita.', '2018-11-15 17:49:16'),
(4, 1, 3, 'Morbi tempus commodo mattis. Eposs sunt solems de superbus fortis. Aliquam sodales odio id eleifend tristique. Bassus fatalis classiss virtualiter transferre de flavum. Sed varius a risus eget aliquam. Ut suscipit posuere justo at vulputate. Diatrias tolerare tanquam noster caesium. Sunt seculaes transferre talis camerarius fluctuies. Curabitur aliquam euismod dolor non ornare. Sunt torquises imitari velox mirabilis medicinaes. Sunt accentores vitare salvus flavum parses.', '2018-11-15 17:49:17'),
(5, 1, 3, 'Ut eleifend mauris et risus ultrices egestas. Ubi est barbatus nix. Bassus fatalis classiss virtualiter transferre de flavum. Sunt torquises imitari velox mirabilis medicinaes. Eposs sunt solems de superbus fortis. Sunt accentores vitare salvus flavum parses. Nunc viverra elit ac laoreet suscipit.', '2018-11-15 17:49:18'),
(6, 2, 3, 'Sunt seculaes transferre talis camerarius fluctuies. Ubi est audax amicitia. Ubi est barbatus nix. Mauris dapibus risus quis suscipit vulputate. In hac habitasse platea dictumst. Eposs sunt solems de superbus fortis. Diatrias tolerare tanquam noster caesium. Era brevis ratione est. Morbi tempus commodo mattis. Ut suscipit posuere justo at vulputate.', '2018-11-15 17:49:14'),
(7, 2, 3, 'Nunc viverra elit ac laoreet suscipit. Sed varius a risus eget aliquam. Urna nisl sollicitudin id varius orci quam id turpis. Aliquam sodales odio id eleifend tristique. Potus sensim ad ferox abnoba. Mineralis persuadere omnes finises desiderium. Curabitur aliquam euismod dolor non ornare. Sunt seculaes transferre talis camerarius fluctuies. Diatrias tolerare tanquam noster caesium. Eros diam egestas libero eu vulputate risus.', '2018-11-15 17:49:15'),
(8, 2, 3, 'Mauris dapibus risus quis suscipit vulputate. Eposs sunt solems de superbus fortis. Teres talis saepe tractare de camerarius flavum sensorem. Lorem ipsum dolor sit amet consectetur adipiscing elit. In hac habitasse platea dictumst. Pellentesque vitae velit ex. Diatrias tolerare tanquam noster caesium. Abnobas sunt hilotaes de placidus vita. Morbi tempus commodo mattis. Bassus fatalis classiss virtualiter transferre de flavum.', '2018-11-15 17:49:16'),
(9, 2, 3, 'Vae humani generis. Era brevis ratione est. Potus sensim ad ferox abnoba. Eposs sunt solems de superbus fortis. Teres talis saepe tractare de camerarius flavum sensorem. Ubi est audax amicitia. Mineralis persuadere omnes finises desiderium. Sunt torquises imitari velox mirabilis medicinaes. Sed varius a risus eget aliquam. Diatrias tolerare tanquam noster caesium. Sunt seculaes transferre talis camerarius fluctuies. Lorem ipsum dolor sit amet consectetur adipiscing elit.', '2018-11-15 17:49:17'),
(10, 2, 3, 'Curabitur aliquam euismod dolor non ornare. Sunt seculaes transferre talis camerarius fluctuies. Silva de secundus galatae demitto quadra. Sunt torquises imitari velox mirabilis medicinaes. Nulla porta lobortis ligula vel egestas. Ubi est barbatus nix. Ut suscipit posuere justo at vulputate. Vae humani generis. Lorem ipsum dolor sit amet consectetur adipiscing elit. Nunc viverra elit ac laoreet suscipit. Eros diam egestas libero eu vulputate risus.', '2018-11-15 17:49:18'),
(11, 3, 3, 'Eposs sunt solems de superbus fortis. Sed varius a risus eget aliquam. Ubi est barbatus nix. Urna nisl sollicitudin id varius orci quam id turpis. In hac habitasse platea dictumst. Ut suscipit posuere justo at vulputate. Curabitur aliquam euismod dolor non ornare. Morbi tempus commodo mattis. Pellentesque et sapien pulvinar consectetur. Eros diam egestas libero eu vulputate risus.', '2018-11-15 17:49:14'),
(12, 3, 3, 'Ut suscipit posuere justo at vulputate. Urna nisl sollicitudin id varius orci quam id turpis. Ut eleifend mauris et risus ultrices egestas. Sunt torquises imitari velox mirabilis medicinaes. Silva de secundus galatae demitto quadra. Nulla porta lobortis ligula vel egestas. Eros diam egestas libero eu vulputate risus. Pellentesque vitae velit ex. Vae humani generis. Abnobas sunt hilotaes de placidus vita.', '2018-11-15 17:49:15'),
(13, 3, 3, 'Nulla porta lobortis ligula vel egestas. Lorem ipsum dolor sit amet consectetur adipiscing elit. Ut eleifend mauris et risus ultrices egestas. Eros diam egestas libero eu vulputate risus. Nunc viverra elit ac laoreet suscipit. Abnobas sunt hilotaes de placidus vita. Vae humani generis. Mineralis persuadere omnes finises desiderium.', '2018-11-15 17:49:16'),
(14, 3, 3, 'Mauris dapibus risus quis suscipit vulputate. Nunc viverra elit ac laoreet suscipit. Eposs sunt solems de superbus fortis. Potus sensim ad ferox abnoba. Urna nisl sollicitudin id varius orci quam id turpis. Diatrias tolerare tanquam noster caesium. Ubi est audax amicitia.', '2018-11-15 17:49:17'),
(15, 3, 3, 'Eposs sunt solems de superbus fortis. Ut eleifend mauris et risus ultrices egestas. Pellentesque et sapien pulvinar consectetur. Eros diam egestas libero eu vulputate risus. Aliquam sodales odio id eleifend tristique. In hac habitasse platea dictumst. Nulla porta lobortis ligula vel egestas. Era brevis ratione est. Morbi tempus commodo mattis.', '2018-11-15 17:49:18'),
(16, 4, 3, 'Ubi est barbatus nix. Diatrias tolerare tanquam noster caesium. In hac habitasse platea dictumst. Pellentesque vitae velit ex. Bassus fatalis classiss virtualiter transferre de flavum. Eposs sunt solems de superbus fortis. Eros diam egestas libero eu vulputate risus. Silva de secundus galatae demitto quadra. Curabitur aliquam euismod dolor non ornare. Urna nisl sollicitudin id varius orci quam id turpis. Morbi tempus commodo mattis. Aliquam sodales odio id eleifend tristique.', '2018-11-15 17:49:14'),
(17, 4, 3, 'Potus sensim ad ferox abnoba. Nulla porta lobortis ligula vel egestas. Nunc viverra elit ac laoreet suscipit. Sed varius a risus eget aliquam. Eposs sunt solems de superbus fortis. Pellentesque vitae velit ex. Ut eleifend mauris et risus ultrices egestas. Bassus fatalis classiss virtualiter transferre de flavum.', '2018-11-15 17:49:15'),
(18, 4, 3, 'Sunt seculaes transferre talis camerarius fluctuies. Pellentesque vitae velit ex. Abnobas sunt hilotaes de placidus vita. Sunt torquises imitari velox mirabilis medicinaes. Silva de secundus galatae demitto quadra. Era brevis ratione est. Morbi tempus commodo mattis. Nulla porta lobortis ligula vel egestas. Diatrias tolerare tanquam noster caesium. Ut eleifend mauris et risus ultrices egestas. Ut suscipit posuere justo at vulputate.', '2018-11-15 17:49:16'),
(19, 4, 3, 'Vae humani generis. Morbi tempus commodo mattis. Nunc viverra elit ac laoreet suscipit. Ut eleifend mauris et risus ultrices egestas. Sed varius a risus eget aliquam. Era brevis ratione est. Ubi est audax amicitia. Mauris dapibus risus quis suscipit vulputate.', '2018-11-15 17:49:17'),
(20, 4, 3, 'In hac habitasse platea dictumst. Ut suscipit posuere justo at vulputate. Vae humani generis. Abnobas sunt hilotaes de placidus vita. Ut eleifend mauris et risus ultrices egestas. Bassus fatalis classiss virtualiter transferre de flavum. Curabitur aliquam euismod dolor non ornare. Potus sensim ad ferox abnoba.', '2018-11-15 17:49:18'),
(21, 5, 3, 'Bassus fatalis classiss virtualiter transferre de flavum. Pellentesque vitae velit ex. Mauris dapibus risus quis suscipit vulputate. Curabitur aliquam euismod dolor non ornare. Nunc viverra elit ac laoreet suscipit. Morbi tempus commodo mattis. Lorem ipsum dolor sit amet consectetur adipiscing elit.', '2018-11-15 17:49:14'),
(22, 5, 3, 'Era brevis ratione est. Sunt seculaes transferre talis camerarius fluctuies. Curabitur aliquam euismod dolor non ornare. Aliquam sodales odio id eleifend tristique. Teres talis saepe tractare de camerarius flavum sensorem. Eros diam egestas libero eu vulputate risus. Urna nisl sollicitudin id varius orci quam id turpis. In hac habitasse platea dictumst. Mauris dapibus risus quis suscipit vulputate. Abnobas sunt hilotaes de placidus vita.', '2018-11-15 17:49:15'),
(23, 5, 3, 'Ut suscipit posuere justo at vulputate. Abnobas sunt hilotaes de placidus vita. Silva de secundus galatae demitto quadra. In hac habitasse platea dictumst. Nulla porta lobortis ligula vel egestas. Ubi est audax amicitia. Eposs sunt solems de superbus fortis. Lorem ipsum dolor sit amet consectetur adipiscing elit. Teres talis saepe tractare de camerarius flavum sensorem. Nunc viverra elit ac laoreet suscipit.', '2018-11-15 17:49:16'),
(24, 5, 3, 'Nunc viverra elit ac laoreet suscipit. Teres talis saepe tractare de camerarius flavum sensorem. Sed varius a risus eget aliquam. Morbi tempus commodo mattis. Eros diam egestas libero eu vulputate risus. Sunt torquises imitari velox mirabilis medicinaes. Mauris dapibus risus quis suscipit vulputate. Eposs sunt solems de superbus fortis. Pellentesque et sapien pulvinar consectetur. Potus sensim ad ferox abnoba.', '2018-11-15 17:49:17'),
(25, 5, 3, 'Teres talis saepe tractare de camerarius flavum sensorem. Ut suscipit posuere justo at vulputate. Sunt torquises imitari velox mirabilis medicinaes. Nulla porta lobortis ligula vel egestas. Silva de secundus galatae demitto quadra. Potus sensim ad ferox abnoba. Sed varius a risus eget aliquam. Diatrias tolerare tanquam noster caesium. Eposs sunt solems de superbus fortis. Curabitur aliquam euismod dolor non ornare. Vae humani generis. Abnobas sunt hilotaes de placidus vita.', '2018-11-15 17:49:18'),
(26, 6, 3, 'Sunt accentores vitare salvus flavum parses. Mauris dapibus risus quis suscipit vulputate. Lorem ipsum dolor sit amet consectetur adipiscing elit. Sunt seculaes transferre talis camerarius fluctuies. Era brevis ratione est. Abnobas sunt hilotaes de placidus vita. Eros diam egestas libero eu vulputate risus. Nulla porta lobortis ligula vel egestas. Ubi est barbatus nix. Diatrias tolerare tanquam noster caesium. Sed varius a risus eget aliquam.', '2018-11-15 17:49:14'),
(27, 6, 3, 'Potus sensim ad ferox abnoba. Vae humani generis. Pellentesque et sapien pulvinar consectetur. Ut suscipit posuere justo at vulputate. Nulla porta lobortis ligula vel egestas. Sunt torquises imitari velox mirabilis medicinaes. Eros diam egestas libero eu vulputate risus. Pellentesque vitae velit ex.', '2018-11-15 17:49:15'),
(28, 6, 3, 'Sed varius a risus eget aliquam. Curabitur aliquam euismod dolor non ornare. Ut suscipit posuere justo at vulputate. Urna nisl sollicitudin id varius orci quam id turpis. Ubi est audax amicitia. Ut eleifend mauris et risus ultrices egestas.', '2018-11-15 17:49:16'),
(29, 6, 3, 'Era brevis ratione est. Sunt accentores vitare salvus flavum parses. Teres talis saepe tractare de camerarius flavum sensorem. Urna nisl sollicitudin id varius orci quam id turpis. Bassus fatalis classiss virtualiter transferre de flavum. Mineralis persuadere omnes finises desiderium. Vae humani generis. Abnobas sunt hilotaes de placidus vita. Ut eleifend mauris et risus ultrices egestas.', '2018-11-15 17:49:17'),
(30, 6, 3, 'Sed varius a risus eget aliquam. Morbi tempus commodo mattis. Nulla porta lobortis ligula vel egestas. Eposs sunt solems de superbus fortis. Mineralis persuadere omnes finises desiderium. Curabitur aliquam euismod dolor non ornare. Urna nisl sollicitudin id varius orci quam id turpis. Ut suscipit posuere justo at vulputate. Sunt accentores vitare salvus flavum parses. Ubi est barbatus nix. Diatrias tolerare tanquam noster caesium.', '2018-11-15 17:49:18'),
(31, 7, 3, 'Curabitur aliquam euismod dolor non ornare. Era brevis ratione est. Sunt torquises imitari velox mirabilis medicinaes. Ut eleifend mauris et risus ultrices egestas. Silva de secundus galatae demitto quadra. Diatrias tolerare tanquam noster caesium. In hac habitasse platea dictumst. Nulla porta lobortis ligula vel egestas.', '2018-11-15 17:49:14'),
(32, 7, 3, 'Aliquam sodales odio id eleifend tristique. Urna nisl sollicitudin id varius orci quam id turpis. Era brevis ratione est. Sunt accentores vitare salvus flavum parses. Pellentesque et sapien pulvinar consectetur. Curabitur aliquam euismod dolor non ornare. Ubi est audax amicitia. Sunt seculaes transferre talis camerarius fluctuies. Sed varius a risus eget aliquam. Mauris dapibus risus quis suscipit vulputate. Abnobas sunt hilotaes de placidus vita.', '2018-11-15 17:49:15'),
(33, 7, 3, 'Mauris dapibus risus quis suscipit vulputate. Sed varius a risus eget aliquam. Sunt accentores vitare salvus flavum parses. Aliquam sodales odio id eleifend tristique. Silva de secundus galatae demitto quadra. Teres talis saepe tractare de camerarius flavum sensorem. Lorem ipsum dolor sit amet consectetur adipiscing elit. In hac habitasse platea dictumst. Sunt seculaes transferre talis camerarius fluctuies. Nunc viverra elit ac laoreet suscipit.', '2018-11-15 17:49:16'),
(34, 7, 3, 'Mauris dapibus risus quis suscipit vulputate. Ubi est barbatus nix. Sed varius a risus eget aliquam. Vae humani generis. Eros diam egestas libero eu vulputate risus. Sunt accentores vitare salvus flavum parses. Morbi tempus commodo mattis. Eposs sunt solems de superbus fortis. Ut suscipit posuere justo at vulputate. Era brevis ratione est.', '2018-11-15 17:49:17'),
(35, 7, 3, 'Ubi est barbatus nix. Lorem ipsum dolor sit amet consectetur adipiscing elit. Ut suscipit posuere justo at vulputate. Curabitur aliquam euismod dolor non ornare. Sunt accentores vitare salvus flavum parses. Pellentesque et sapien pulvinar consectetur. Ut eleifend mauris et risus ultrices egestas. Nunc viverra elit ac laoreet suscipit.', '2018-11-15 17:49:18'),
(36, 8, 3, 'Eros diam egestas libero eu vulputate risus. Silva de secundus galatae demitto quadra. Nunc viverra elit ac laoreet suscipit. In hac habitasse platea dictumst. Era brevis ratione est. Potus sensim ad ferox abnoba. Lorem ipsum dolor sit amet consectetur adipiscing elit. Curabitur aliquam euismod dolor non ornare. Ubi est barbatus nix. Sunt seculaes transferre talis camerarius fluctuies. Bassus fatalis classiss virtualiter transferre de flavum.', '2018-11-15 17:49:14'),
(37, 8, 3, 'Vae humani generis. Sunt torquises imitari velox mirabilis medicinaes. Urna nisl sollicitudin id varius orci quam id turpis. Pellentesque et sapien pulvinar consectetur. Curabitur aliquam euismod dolor non ornare. Ut suscipit posuere justo at vulputate. Era brevis ratione est. Morbi tempus commodo mattis. Ut eleifend mauris et risus ultrices egestas. Mineralis persuadere omnes finises desiderium. Silva de secundus galatae demitto quadra. Bassus fatalis classiss virtualiter transferre de flavum.', '2018-11-15 17:49:15'),
(38, 8, 3, 'Sunt torquises imitari velox mirabilis medicinaes. Aliquam sodales odio id eleifend tristique. Vae humani generis. Nunc viverra elit ac laoreet suscipit. Abnobas sunt hilotaes de placidus vita. Curabitur aliquam euismod dolor non ornare. Teres talis saepe tractare de camerarius flavum sensorem. Ut eleifend mauris et risus ultrices egestas.', '2018-11-15 17:49:16'),
(39, 8, 3, 'Pellentesque vitae velit ex. In hac habitasse platea dictumst. Silva de secundus galatae demitto quadra. Ut eleifend mauris et risus ultrices egestas. Era brevis ratione est. Bassus fatalis classiss virtualiter transferre de flavum. Eposs sunt solems de superbus fortis. Eros diam egestas libero eu vulputate risus. Mauris dapibus risus quis suscipit vulputate. Abnobas sunt hilotaes de placidus vita. Ubi est barbatus nix. Curabitur aliquam euismod dolor non ornare.', '2018-11-15 17:49:17'),
(40, 8, 3, 'Ut suscipit posuere justo at vulputate. Mineralis persuadere omnes finises desiderium. Teres talis saepe tractare de camerarius flavum sensorem. Curabitur aliquam euismod dolor non ornare. Mauris dapibus risus quis suscipit vulputate. Vae humani generis. In hac habitasse platea dictumst. Era brevis ratione est.', '2018-11-15 17:49:18'),
(41, 9, 3, 'Ubi est barbatus nix. Ubi est audax amicitia. Sunt seculaes transferre talis camerarius fluctuies. Aliquam sodales odio id eleifend tristique. Eros diam egestas libero eu vulputate risus. Mineralis persuadere omnes finises desiderium. Silva de secundus galatae demitto quadra. Nulla porta lobortis ligula vel egestas. Morbi tempus commodo mattis.', '2018-11-15 17:49:14'),
(42, 9, 3, 'Urna nisl sollicitudin id varius orci quam id turpis. Sed varius a risus eget aliquam. Nulla porta lobortis ligula vel egestas. Teres talis saepe tractare de camerarius flavum sensorem. Potus sensim ad ferox abnoba. Aliquam sodales odio id eleifend tristique. Abnobas sunt hilotaes de placidus vita.', '2018-11-15 17:49:15'),
(43, 9, 3, 'Eposs sunt solems de superbus fortis. Silva de secundus galatae demitto quadra. Ubi est audax amicitia. Curabitur aliquam euismod dolor non ornare. Aliquam sodales odio id eleifend tristique. Pellentesque vitae velit ex. Potus sensim ad ferox abnoba. Sunt torquises imitari velox mirabilis medicinaes.', '2018-11-15 17:49:16'),
(44, 9, 3, 'Curabitur aliquam euismod dolor non ornare. Ubi est barbatus nix. Mineralis persuadere omnes finises desiderium. Diatrias tolerare tanquam noster caesium. Ut suscipit posuere justo at vulputate. Nulla porta lobortis ligula vel egestas. Eros diam egestas libero eu vulputate risus. Ubi est audax amicitia. Vae humani generis. Eposs sunt solems de superbus fortis.', '2018-11-15 17:49:17'),
(45, 9, 3, 'Era brevis ratione est. Ubi est audax amicitia. Lorem ipsum dolor sit amet consectetur adipiscing elit. In hac habitasse platea dictumst. Eposs sunt solems de superbus fortis. Sunt accentores vitare salvus flavum parses. Mauris dapibus risus quis suscipit vulputate. Ut eleifend mauris et risus ultrices egestas. Diatrias tolerare tanquam noster caesium. Eros diam egestas libero eu vulputate risus. Pellentesque vitae velit ex. Potus sensim ad ferox abnoba.', '2018-11-15 17:49:18'),
(46, 10, 3, 'Sunt torquises imitari velox mirabilis medicinaes. Lorem ipsum dolor sit amet consectetur adipiscing elit. Ut suscipit posuere justo at vulputate. Urna nisl sollicitudin id varius orci quam id turpis. Ut eleifend mauris et risus ultrices egestas. Sed varius a risus eget aliquam.', '2018-11-15 17:49:14'),
(47, 10, 3, 'Mineralis persuadere omnes finises desiderium. Teres talis saepe tractare de camerarius flavum sensorem. Sed varius a risus eget aliquam. Mauris dapibus risus quis suscipit vulputate. Sunt accentores vitare salvus flavum parses. Ubi est barbatus nix. Curabitur aliquam euismod dolor non ornare. Ut eleifend mauris et risus ultrices egestas.', '2018-11-15 17:49:15'),
(48, 10, 3, 'Urna nisl sollicitudin id varius orci quam id turpis. Era brevis ratione est. Eros diam egestas libero eu vulputate risus. Sed varius a risus eget aliquam. Pellentesque vitae velit ex. Morbi tempus commodo mattis. Sunt accentores vitare salvus flavum parses.', '2018-11-15 17:49:16'),
(49, 10, 3, 'Teres talis saepe tractare de camerarius flavum sensorem. Bassus fatalis classiss virtualiter transferre de flavum. Era brevis ratione est. Nulla porta lobortis ligula vel egestas. Urna nisl sollicitudin id varius orci quam id turpis. In hac habitasse platea dictumst. Eros diam egestas libero eu vulputate risus. Ubi est barbatus nix. Pellentesque vitae velit ex. Curabitur aliquam euismod dolor non ornare. Diatrias tolerare tanquam noster caesium.', '2018-11-15 17:49:17'),
(50, 10, 3, 'Morbi tempus commodo mattis. Eposs sunt solems de superbus fortis. Pellentesque et sapien pulvinar consectetur. Vae humani generis. Abnobas sunt hilotaes de placidus vita. In hac habitasse platea dictumst. Curabitur aliquam euismod dolor non ornare. Sunt torquises imitari velox mirabilis medicinaes. Mineralis persuadere omnes finises desiderium.', '2018-11-15 17:49:18'),
(51, 11, 3, 'Eposs sunt solems de superbus fortis. Sunt accentores vitare salvus flavum parses. Aliquam sodales odio id eleifend tristique. Ut eleifend mauris et risus ultrices egestas. Mauris dapibus risus quis suscipit vulputate. Potus sensim ad ferox abnoba. Curabitur aliquam euismod dolor non ornare.', '2018-11-15 17:49:14'),
(52, 11, 3, 'Bassus fatalis classiss virtualiter transferre de flavum. Pellentesque vitae velit ex. Curabitur aliquam euismod dolor non ornare. Sunt accentores vitare salvus flavum parses. Eros diam egestas libero eu vulputate risus. Pellentesque et sapien pulvinar consectetur. Sunt torquises imitari velox mirabilis medicinaes. Silva de secundus galatae demitto quadra. Abnobas sunt hilotaes de placidus vita. Mauris dapibus risus quis suscipit vulputate.', '2018-11-15 17:49:15'),
(53, 11, 3, 'Urna nisl sollicitudin id varius orci quam id turpis. Sunt torquises imitari velox mirabilis medicinaes. Vae humani generis. Potus sensim ad ferox abnoba. Eros diam egestas libero eu vulputate risus. Lorem ipsum dolor sit amet consectetur adipiscing elit. Curabitur aliquam euismod dolor non ornare.', '2018-11-15 17:49:16'),
(54, 11, 3, 'Silva de secundus galatae demitto quadra. Sunt torquises imitari velox mirabilis medicinaes. Sunt seculaes transferre talis camerarius fluctuies. Mauris dapibus risus quis suscipit vulputate. Eros diam egestas libero eu vulputate risus. Ut eleifend mauris et risus ultrices egestas. Diatrias tolerare tanquam noster caesium. Abnobas sunt hilotaes de placidus vita. In hac habitasse platea dictumst. Vae humani generis. Era brevis ratione est.', '2018-11-15 17:49:17'),
(55, 11, 3, 'Sunt accentores vitare salvus flavum parses. Urna nisl sollicitudin id varius orci quam id turpis. Sed varius a risus eget aliquam. Eros diam egestas libero eu vulputate risus. Mineralis persuadere omnes finises desiderium. Nunc viverra elit ac laoreet suscipit. Aliquam sodales odio id eleifend tristique. Morbi tempus commodo mattis. Ut suscipit posuere justo at vulputate.', '2018-11-15 17:49:18'),
(56, 12, 3, 'Silva de secundus galatae demitto quadra. Ubi est audax amicitia. Teres talis saepe tractare de camerarius flavum sensorem. Mauris dapibus risus quis suscipit vulputate. Sunt torquises imitari velox mirabilis medicinaes. Urna nisl sollicitudin id varius orci quam id turpis. Eros diam egestas libero eu vulputate risus. Ut suscipit posuere justo at vulputate.', '2018-11-15 17:49:14'),
(57, 12, 3, 'Abnobas sunt hilotaes de placidus vita. Lorem ipsum dolor sit amet consectetur adipiscing elit. Ubi est barbatus nix. Eposs sunt solems de superbus fortis. Vae humani generis. Mauris dapibus risus quis suscipit vulputate. Potus sensim ad ferox abnoba. Nunc viverra elit ac laoreet suscipit.', '2018-11-15 17:49:15'),
(58, 12, 3, 'Morbi tempus commodo mattis. Pellentesque et sapien pulvinar consectetur. Lorem ipsum dolor sit amet consectetur adipiscing elit. Urna nisl sollicitudin id varius orci quam id turpis. Ut eleifend mauris et risus ultrices egestas. Curabitur aliquam euismod dolor non ornare. Aliquam sodales odio id eleifend tristique. Silva de secundus galatae demitto quadra. Mauris dapibus risus quis suscipit vulputate. Diatrias tolerare tanquam noster caesium.', '2018-11-15 17:49:16'),
(59, 12, 3, 'Bassus fatalis classiss virtualiter transferre de flavum. Ubi est audax amicitia. Eposs sunt solems de superbus fortis. Nulla porta lobortis ligula vel egestas. Vae humani generis. Ut suscipit posuere justo at vulputate.', '2018-11-15 17:49:17'),
(60, 12, 3, 'Mineralis persuadere omnes finises desiderium. Era brevis ratione est. Sunt accentores vitare salvus flavum parses. Sunt torquises imitari velox mirabilis medicinaes. Sed varius a risus eget aliquam. Curabitur aliquam euismod dolor non ornare. Abnobas sunt hilotaes de placidus vita. Sunt seculaes transferre talis camerarius fluctuies. In hac habitasse platea dictumst. Diatrias tolerare tanquam noster caesium. Teres talis saepe tractare de camerarius flavum sensorem.', '2018-11-15 17:49:18'),
(61, 13, 3, 'Silva de secundus galatae demitto quadra. Nulla porta lobortis ligula vel egestas. In hac habitasse platea dictumst. Bassus fatalis classiss virtualiter transferre de flavum. Eros diam egestas libero eu vulputate risus. Pellentesque vitae velit ex. Sed varius a risus eget aliquam. Abnobas sunt hilotaes de placidus vita. Pellentesque et sapien pulvinar consectetur. Ut eleifend mauris et risus ultrices egestas.', '2018-11-15 17:49:14'),
(62, 13, 3, 'Ut eleifend mauris et risus ultrices egestas. Sunt torquises imitari velox mirabilis medicinaes. Mineralis persuadere omnes finises desiderium. Bassus fatalis classiss virtualiter transferre de flavum. Diatrias tolerare tanquam noster caesium. Sed varius a risus eget aliquam. Sunt seculaes transferre talis camerarius fluctuies. Nulla porta lobortis ligula vel egestas. Silva de secundus galatae demitto quadra.', '2018-11-15 17:49:15'),
(63, 13, 3, 'Ubi est audax amicitia. Urna nisl sollicitudin id varius orci quam id turpis. Pellentesque vitae velit ex. Silva de secundus galatae demitto quadra. Curabitur aliquam euismod dolor non ornare. Mineralis persuadere omnes finises desiderium.', '2018-11-15 17:49:16'),
(64, 13, 3, 'Vae humani generis. Eposs sunt solems de superbus fortis. Era brevis ratione est. Sunt accentores vitare salvus flavum parses. Sunt seculaes transferre talis camerarius fluctuies. Abnobas sunt hilotaes de placidus vita. In hac habitasse platea dictumst. Ubi est audax amicitia. Ubi est barbatus nix. Morbi tempus commodo mattis. Nulla porta lobortis ligula vel egestas. Pellentesque et sapien pulvinar consectetur. Sed varius a risus eget aliquam.', '2018-11-15 17:49:17'),
(65, 13, 3, 'Nulla porta lobortis ligula vel egestas. Mineralis persuadere omnes finises desiderium. Sunt accentores vitare salvus flavum parses. Lorem ipsum dolor sit amet consectetur adipiscing elit. Eros diam egestas libero eu vulputate risus. Pellentesque vitae velit ex. Nunc viverra elit ac laoreet suscipit.', '2018-11-15 17:49:18'),
(66, 14, 3, 'Ut eleifend mauris et risus ultrices egestas. Pellentesque et sapien pulvinar consectetur. Era brevis ratione est. Sunt torquises imitari velox mirabilis medicinaes. Aliquam sodales odio id eleifend tristique. Eposs sunt solems de superbus fortis.', '2018-11-15 17:49:14'),
(67, 14, 3, 'Sed varius a risus eget aliquam. Pellentesque vitae velit ex. Eros diam egestas libero eu vulputate risus. Potus sensim ad ferox abnoba. Vae humani generis. Aliquam sodales odio id eleifend tristique. Sunt seculaes transferre talis camerarius fluctuies. Diatrias tolerare tanquam noster caesium. Bassus fatalis classiss virtualiter transferre de flavum. Pellentesque et sapien pulvinar consectetur. Ubi est audax amicitia. Ut suscipit posuere justo at vulputate.', '2018-11-15 17:49:15'),
(68, 14, 3, 'Ut suscipit posuere justo at vulputate. Urna nisl sollicitudin id varius orci quam id turpis. Diatrias tolerare tanquam noster caesium. Sunt accentores vitare salvus flavum parses. Era brevis ratione est. In hac habitasse platea dictumst. Ubi est barbatus nix. Eros diam egestas libero eu vulputate risus. Mauris dapibus risus quis suscipit vulputate.', '2018-11-15 17:49:16'),
(69, 14, 3, 'Nunc viverra elit ac laoreet suscipit. Lorem ipsum dolor sit amet consectetur adipiscing elit. Ubi est audax amicitia. Mauris dapibus risus quis suscipit vulputate. Sunt torquises imitari velox mirabilis medicinaes. In hac habitasse platea dictumst. Curabitur aliquam euismod dolor non ornare.', '2018-11-15 17:49:17'),
(70, 14, 3, 'Vae humani generis. Urna nisl sollicitudin id varius orci quam id turpis. Teres talis saepe tractare de camerarius flavum sensorem. Sunt accentores vitare salvus flavum parses. Silva de secundus galatae demitto quadra. Eros diam egestas libero eu vulputate risus.', '2018-11-15 17:49:18'),
(71, 15, 3, 'Eposs sunt solems de superbus fortis. Ut eleifend mauris et risus ultrices egestas. Sunt seculaes transferre talis camerarius fluctuies. Abnobas sunt hilotaes de placidus vita. Eros diam egestas libero eu vulputate risus. Morbi tempus commodo mattis. In hac habitasse platea dictumst.', '2018-11-15 17:49:14'),
(72, 15, 3, 'Vae humani generis. Lorem ipsum dolor sit amet consectetur adipiscing elit. Ut eleifend mauris et risus ultrices egestas. Pellentesque vitae velit ex. Pellentesque et sapien pulvinar consectetur. Sunt seculaes transferre talis camerarius fluctuies. In hac habitasse platea dictumst. Sunt accentores vitare salvus flavum parses.', '2018-11-15 17:49:15'),
(73, 15, 3, 'Era brevis ratione est. Curabitur aliquam euismod dolor non ornare. Mineralis persuadere omnes finises desiderium. Mauris dapibus risus quis suscipit vulputate. Vae humani generis. Diatrias tolerare tanquam noster caesium. Sunt accentores vitare salvus flavum parses.', '2018-11-15 17:49:16'),
(74, 15, 3, 'Ubi est barbatus nix. Teres talis saepe tractare de camerarius flavum sensorem. Sunt torquises imitari velox mirabilis medicinaes. Silva de secundus galatae demitto quadra. Potus sensim ad ferox abnoba. Eposs sunt solems de superbus fortis. Mineralis persuadere omnes finises desiderium. Sed varius a risus eget aliquam. Urna nisl sollicitudin id varius orci quam id turpis. Diatrias tolerare tanquam noster caesium. Ubi est audax amicitia. Morbi tempus commodo mattis.', '2018-11-15 17:49:17'),
(75, 15, 3, 'Silva de secundus galatae demitto quadra. Lorem ipsum dolor sit amet consectetur adipiscing elit. Nulla porta lobortis ligula vel egestas. Mineralis persuadere omnes finises desiderium. Aliquam sodales odio id eleifend tristique. Urna nisl sollicitudin id varius orci quam id turpis. Sunt seculaes transferre talis camerarius fluctuies.', '2018-11-15 17:49:18'),
(76, 16, 3, 'In hac habitasse platea dictumst. Eposs sunt solems de superbus fortis. Aliquam sodales odio id eleifend tristique. Bassus fatalis classiss virtualiter transferre de flavum. Silva de secundus galatae demitto quadra. Eros diam egestas libero eu vulputate risus. Vae humani generis.', '2018-11-15 17:49:14'),
(77, 16, 3, 'Bassus fatalis classiss virtualiter transferre de flavum. Pellentesque vitae velit ex. Abnobas sunt hilotaes de placidus vita. Lorem ipsum dolor sit amet consectetur adipiscing elit. Ut suscipit posuere justo at vulputate.', '2018-11-15 17:49:15'),
(78, 16, 3, 'Bassus fatalis classiss virtualiter transferre de flavum. Eposs sunt solems de superbus fortis. Sunt accentores vitare salvus flavum parses. Era brevis ratione est. Sed varius a risus eget aliquam. Teres talis saepe tractare de camerarius flavum sensorem.', '2018-11-15 17:49:16'),
(79, 16, 3, 'Curabitur aliquam euismod dolor non ornare. Abnobas sunt hilotaes de placidus vita. Era brevis ratione est. Sunt torquises imitari velox mirabilis medicinaes. Teres talis saepe tractare de camerarius flavum sensorem. Potus sensim ad ferox abnoba.', '2018-11-15 17:49:17'),
(80, 16, 3, 'Sed varius a risus eget aliquam. Bassus fatalis classiss virtualiter transferre de flavum. Era brevis ratione est. Morbi tempus commodo mattis. Urna nisl sollicitudin id varius orci quam id turpis. Sunt torquises imitari velox mirabilis medicinaes.', '2018-11-15 17:49:18'),
(81, 17, 3, 'Mauris dapibus risus quis suscipit vulputate. Eposs sunt solems de superbus fortis. Mineralis persuadere omnes finises desiderium. Abnobas sunt hilotaes de placidus vita. Sunt seculaes transferre talis camerarius fluctuies. Era brevis ratione est. Lorem ipsum dolor sit amet consectetur adipiscing elit.', '2018-11-15 17:49:14'),
(82, 17, 3, 'Mineralis persuadere omnes finises desiderium. Ubi est barbatus nix. Sunt accentores vitare salvus flavum parses. Pellentesque vitae velit ex. Nulla porta lobortis ligula vel egestas. Aliquam sodales odio id eleifend tristique. Potus sensim ad ferox abnoba. Sed varius a risus eget aliquam.', '2018-11-15 17:49:15'),
(83, 17, 3, 'Eros diam egestas libero eu vulputate risus. Sunt seculaes transferre talis camerarius fluctuies. Potus sensim ad ferox abnoba. Abnobas sunt hilotaes de placidus vita. Morbi tempus commodo mattis. Ut eleifend mauris et risus ultrices egestas. Vae humani generis. Sunt torquises imitari velox mirabilis medicinaes. Ut suscipit posuere justo at vulputate. Urna nisl sollicitudin id varius orci quam id turpis. Sed varius a risus eget aliquam. Silva de secundus galatae demitto quadra.', '2018-11-15 17:49:16'),
(84, 17, 3, 'Era brevis ratione est. In hac habitasse platea dictumst. Mauris dapibus risus quis suscipit vulputate. Morbi tempus commodo mattis. Sunt accentores vitare salvus flavum parses. Eros diam egestas libero eu vulputate risus. Urna nisl sollicitudin id varius orci quam id turpis. Diatrias tolerare tanquam noster caesium.', '2018-11-15 17:49:17'),
(85, 17, 3, 'Mineralis persuadere omnes finises desiderium. Ut eleifend mauris et risus ultrices egestas. Ubi est barbatus nix. Teres talis saepe tractare de camerarius flavum sensorem. Abnobas sunt hilotaes de placidus vita. Lorem ipsum dolor sit amet consectetur adipiscing elit. Vae humani generis. Diatrias tolerare tanquam noster caesium. Sed varius a risus eget aliquam. Sunt seculaes transferre talis camerarius fluctuies. Nulla porta lobortis ligula vel egestas. Ut suscipit posuere justo at vulputate.', '2018-11-15 17:49:18'),
(86, 18, 3, 'Lorem ipsum dolor sit amet consectetur adipiscing elit. Ut suscipit posuere justo at vulputate. Sunt seculaes transferre talis camerarius fluctuies. Nunc viverra elit ac laoreet suscipit. Sunt accentores vitare salvus flavum parses. Sunt torquises imitari velox mirabilis medicinaes. Ubi est audax amicitia. Teres talis saepe tractare de camerarius flavum sensorem. Pellentesque et sapien pulvinar consectetur. Morbi tempus commodo mattis. Diatrias tolerare tanquam noster caesium.', '2018-11-15 17:49:14'),
(87, 18, 3, 'Eposs sunt solems de superbus fortis. Mauris dapibus risus quis suscipit vulputate. Aliquam sodales odio id eleifend tristique. Pellentesque et sapien pulvinar consectetur. Eros diam egestas libero eu vulputate risus. Morbi tempus commodo mattis.', '2018-11-15 17:49:15'),
(88, 18, 3, 'Bassus fatalis classiss virtualiter transferre de flavum. Curabitur aliquam euismod dolor non ornare. Sunt torquises imitari velox mirabilis medicinaes. Nulla porta lobortis ligula vel egestas. Vae humani generis. Sunt seculaes transferre talis camerarius fluctuies. Potus sensim ad ferox abnoba. Nunc viverra elit ac laoreet suscipit.', '2018-11-15 17:49:16'),
(89, 18, 3, 'Urna nisl sollicitudin id varius orci quam id turpis. Pellentesque et sapien pulvinar consectetur. Aliquam sodales odio id eleifend tristique. Eposs sunt solems de superbus fortis. Curabitur aliquam euismod dolor non ornare. Abnobas sunt hilotaes de placidus vita. Ubi est barbatus nix. Ubi est audax amicitia.', '2018-11-15 17:49:17'),
(90, 18, 3, 'Ubi est barbatus nix. Lorem ipsum dolor sit amet consectetur adipiscing elit. Ubi est audax amicitia. Pellentesque vitae velit ex. Ut suscipit posuere justo at vulputate. Pellentesque et sapien pulvinar consectetur. Ut eleifend mauris et risus ultrices egestas. Sunt torquises imitari velox mirabilis medicinaes. Nunc viverra elit ac laoreet suscipit.', '2018-11-15 17:49:18'),
(91, 19, 3, 'Ut suscipit posuere justo at vulputate. Pellentesque vitae velit ex. Ubi est audax amicitia. Nulla porta lobortis ligula vel egestas. Morbi tempus commodo mattis. Lorem ipsum dolor sit amet consectetur adipiscing elit. In hac habitasse platea dictumst. Bassus fatalis classiss virtualiter transferre de flavum. Urna nisl sollicitudin id varius orci quam id turpis. Era brevis ratione est. Abnobas sunt hilotaes de placidus vita.', '2018-11-15 17:49:14'),
(92, 19, 3, 'Nunc viverra elit ac laoreet suscipit. Potus sensim ad ferox abnoba. Eros diam egestas libero eu vulputate risus. Ut suscipit posuere justo at vulputate. Abnobas sunt hilotaes de placidus vita. Morbi tempus commodo mattis. Ubi est audax amicitia. Sed varius a risus eget aliquam. In hac habitasse platea dictumst. Urna nisl sollicitudin id varius orci quam id turpis. Curabitur aliquam euismod dolor non ornare. Aliquam sodales odio id eleifend tristique.', '2018-11-15 17:49:15'),
(93, 19, 3, 'Mineralis persuadere omnes finises desiderium. In hac habitasse platea dictumst. Vae humani generis. Lorem ipsum dolor sit amet consectetur adipiscing elit. Aliquam sodales odio id eleifend tristique. Urna nisl sollicitudin id varius orci quam id turpis. Mauris dapibus risus quis suscipit vulputate. Potus sensim ad ferox abnoba.', '2018-11-15 17:49:16'),
(94, 19, 3, 'Mauris dapibus risus quis suscipit vulputate. Urna nisl sollicitudin id varius orci quam id turpis. Eros diam egestas libero eu vulputate risus. Potus sensim ad ferox abnoba. Sed varius a risus eget aliquam. Nunc viverra elit ac laoreet suscipit. Abnobas sunt hilotaes de placidus vita. Lorem ipsum dolor sit amet consectetur adipiscing elit.', '2018-11-15 17:49:17'),
(95, 19, 3, 'Silva de secundus galatae demitto quadra. Lorem ipsum dolor sit amet consectetur adipiscing elit. Teres talis saepe tractare de camerarius flavum sensorem. Bassus fatalis classiss virtualiter transferre de flavum. Curabitur aliquam euismod dolor non ornare. Mineralis persuadere omnes finises desiderium. Urna nisl sollicitudin id varius orci quam id turpis. Morbi tempus commodo mattis. In hac habitasse platea dictumst. Pellentesque vitae velit ex.', '2018-11-15 17:49:18'),
(96, 20, 3, 'Vae humani generis. Mineralis persuadere omnes finises desiderium. Ubi est barbatus nix. Eposs sunt solems de superbus fortis. Sunt torquises imitari velox mirabilis medicinaes. Pellentesque et sapien pulvinar consectetur. Potus sensim ad ferox abnoba. Pellentesque vitae velit ex. Morbi tempus commodo mattis. Sed varius a risus eget aliquam. Era brevis ratione est. Curabitur aliquam euismod dolor non ornare. Mauris dapibus risus quis suscipit vulputate. Aliquam sodales odio id eleifend tristique.', '2018-11-15 17:49:14'),
(97, 20, 3, 'Curabitur aliquam euismod dolor non ornare. Mauris dapibus risus quis suscipit vulputate. Sunt seculaes transferre talis camerarius fluctuies. Ubi est audax amicitia. Bassus fatalis classiss virtualiter transferre de flavum. Ut eleifend mauris et risus ultrices egestas. Ut suscipit posuere justo at vulputate. Urna nisl sollicitudin id varius orci quam id turpis.', '2018-11-15 17:49:15'),
(98, 20, 3, 'Diatrias tolerare tanquam noster caesium. Pellentesque et sapien pulvinar consectetur. In hac habitasse platea dictumst. Sunt torquises imitari velox mirabilis medicinaes. Eposs sunt solems de superbus fortis. Abnobas sunt hilotaes de placidus vita.', '2018-11-15 17:49:16'),
(99, 20, 3, 'Teres talis saepe tractare de camerarius flavum sensorem. Urna nisl sollicitudin id varius orci quam id turpis. Sed varius a risus eget aliquam. Silva de secundus galatae demitto quadra. Eros diam egestas libero eu vulputate risus. Ubi est audax amicitia. Nulla porta lobortis ligula vel egestas. Potus sensim ad ferox abnoba.', '2018-11-15 17:49:17'),
(100, 20, 3, 'Bassus fatalis classiss virtualiter transferre de flavum. Silva de secundus galatae demitto quadra. Diatrias tolerare tanquam noster caesium. Ut eleifend mauris et risus ultrices egestas. Teres talis saepe tractare de camerarius flavum sensorem. Nunc viverra elit ac laoreet suscipit. Eros diam egestas libero eu vulputate risus. Sunt seculaes transferre talis camerarius fluctuies.', '2018-11-15 17:49:18'),
(101, 21, 3, 'Silva de secundus galatae demitto quadra. Bassus fatalis classiss virtualiter transferre de flavum. Diatrias tolerare tanquam noster caesium. Sunt seculaes transferre talis camerarius fluctuies. Potus sensim ad ferox abnoba. Curabitur aliquam euismod dolor non ornare. Morbi tempus commodo mattis. Vae humani generis. Lorem ipsum dolor sit amet consectetur adipiscing elit. Pellentesque vitae velit ex.', '2018-11-15 17:49:14'),
(102, 21, 3, 'Mauris dapibus risus quis suscipit vulputate. Lorem ipsum dolor sit amet consectetur adipiscing elit. Ubi est barbatus nix. Urna nisl sollicitudin id varius orci quam id turpis. Era brevis ratione est. Bassus fatalis classiss virtualiter transferre de flavum. Nunc viverra elit ac laoreet suscipit. Ubi est audax amicitia. Potus sensim ad ferox abnoba. Ut suscipit posuere justo at vulputate.', '2018-11-15 17:49:15'),
(103, 21, 3, 'Eposs sunt solems de superbus fortis. Teres talis saepe tractare de camerarius flavum sensorem. Sunt accentores vitare salvus flavum parses. Sed varius a risus eget aliquam. Aliquam sodales odio id eleifend tristique. Urna nisl sollicitudin id varius orci quam id turpis.', '2018-11-15 17:49:16'),
(104, 21, 3, 'Eros diam egestas libero eu vulputate risus. Sunt seculaes transferre talis camerarius fluctuies. Ut suscipit posuere justo at vulputate. Nunc viverra elit ac laoreet suscipit. Eposs sunt solems de superbus fortis. Pellentesque vitae velit ex. Era brevis ratione est.', '2018-11-15 17:49:17'),
(105, 21, 3, 'In hac habitasse platea dictumst. Potus sensim ad ferox abnoba. Ut eleifend mauris et risus ultrices egestas. Silva de secundus galatae demitto quadra. Eposs sunt solems de superbus fortis. Ubi est barbatus nix.', '2018-11-15 17:49:18'),
(106, 22, 3, 'Pellentesque vitae velit ex. Pellentesque et sapien pulvinar consectetur. Era brevis ratione est. Sunt accentores vitare salvus flavum parses. Aliquam sodales odio id eleifend tristique. Ut eleifend mauris et risus ultrices egestas. Morbi tempus commodo mattis. Mauris dapibus risus quis suscipit vulputate. Sed varius a risus eget aliquam. Ubi est audax amicitia. Eros diam egestas libero eu vulputate risus.', '2018-11-15 17:49:14'),
(107, 22, 3, 'Urna nisl sollicitudin id varius orci quam id turpis. Pellentesque vitae velit ex. Potus sensim ad ferox abnoba. Abnobas sunt hilotaes de placidus vita. Ubi est barbatus nix. Silva de secundus galatae demitto quadra. Nunc viverra elit ac laoreet suscipit. Ubi est audax amicitia. Vae humani generis. Bassus fatalis classiss virtualiter transferre de flavum. Sunt accentores vitare salvus flavum parses. Era brevis ratione est. Pellentesque et sapien pulvinar consectetur. In hac habitasse platea dictumst.', '2018-11-15 17:49:15'),
(108, 22, 3, 'Ut suscipit posuere justo at vulputate. Ubi est audax amicitia. Urna nisl sollicitudin id varius orci quam id turpis. Diatrias tolerare tanquam noster caesium. Nunc viverra elit ac laoreet suscipit. Curabitur aliquam euismod dolor non ornare. Lorem ipsum dolor sit amet consectetur adipiscing elit. Bassus fatalis classiss virtualiter transferre de flavum. Aliquam sodales odio id eleifend tristique. Eposs sunt solems de superbus fortis.', '2018-11-15 17:49:16'),
(109, 22, 3, 'Eros diam egestas libero eu vulputate risus. Diatrias tolerare tanquam noster caesium. Mineralis persuadere omnes finises desiderium. Mauris dapibus risus quis suscipit vulputate. Vae humani generis. Ubi est barbatus nix. Era brevis ratione est. Aliquam sodales odio id eleifend tristique. Sunt accentores vitare salvus flavum parses. Pellentesque vitae velit ex. Morbi tempus commodo mattis. Sed varius a risus eget aliquam. Curabitur aliquam euismod dolor non ornare.', '2018-11-15 17:49:17'),
(110, 22, 3, 'Sunt torquises imitari velox mirabilis medicinaes. Abnobas sunt hilotaes de placidus vita. Aliquam sodales odio id eleifend tristique. Eros diam egestas libero eu vulputate risus. In hac habitasse platea dictumst. Ut eleifend mauris et risus ultrices egestas.', '2018-11-15 17:49:18'),
(111, 23, 3, 'Vae humani generis. Ut suscipit posuere justo at vulputate. Curabitur aliquam euismod dolor non ornare. Lorem ipsum dolor sit amet consectetur adipiscing elit. Diatrias tolerare tanquam noster caesium. Bassus fatalis classiss virtualiter transferre de flavum. Mineralis persuadere omnes finises desiderium. Ubi est audax amicitia. Silva de secundus galatae demitto quadra. Ut eleifend mauris et risus ultrices egestas. Sunt torquises imitari velox mirabilis medicinaes. Sed varius a risus eget aliquam.', '2018-11-15 17:49:14'),
(112, 23, 3, 'Potus sensim ad ferox abnoba. Nulla porta lobortis ligula vel egestas. Curabitur aliquam euismod dolor non ornare. Ut eleifend mauris et risus ultrices egestas. Pellentesque vitae velit ex. Silva de secundus galatae demitto quadra. Morbi tempus commodo mattis. Ubi est audax amicitia.', '2018-11-15 17:49:15'),
(113, 23, 3, 'Ut suscipit posuere justo at vulputate. Vae humani generis. Ubi est audax amicitia. Ubi est barbatus nix. Nunc viverra elit ac laoreet suscipit. Mauris dapibus risus quis suscipit vulputate. Eros diam egestas libero eu vulputate risus. Lorem ipsum dolor sit amet consectetur adipiscing elit. Potus sensim ad ferox abnoba.', '2018-11-15 17:49:16'),
(114, 23, 3, 'Mineralis persuadere omnes finises desiderium. Abnobas sunt hilotaes de placidus vita. Ubi est barbatus nix. Morbi tempus commodo mattis. Silva de secundus galatae demitto quadra. Sunt seculaes transferre talis camerarius fluctuies. Curabitur aliquam euismod dolor non ornare. Pellentesque et sapien pulvinar consectetur. Era brevis ratione est. Ut eleifend mauris et risus ultrices egestas.', '2018-11-15 17:49:17'),
(115, 23, 3, 'Diatrias tolerare tanquam noster caesium. Mauris dapibus risus quis suscipit vulputate. Curabitur aliquam euismod dolor non ornare. Era brevis ratione est. Ubi est audax amicitia. In hac habitasse platea dictumst. Potus sensim ad ferox abnoba.', '2018-11-15 17:49:18'),
(116, 24, 3, 'Sunt accentores vitare salvus flavum parses. Urna nisl sollicitudin id varius orci quam id turpis. Diatrias tolerare tanquam noster caesium. Vae humani generis. Pellentesque vitae velit ex. Sunt torquises imitari velox mirabilis medicinaes. Teres talis saepe tractare de camerarius flavum sensorem. Mineralis persuadere omnes finises desiderium. Abnobas sunt hilotaes de placidus vita.', '2018-11-15 17:49:14'),
(117, 24, 3, 'Ut suscipit posuere justo at vulputate. Sunt accentores vitare salvus flavum parses. Era brevis ratione est. Pellentesque et sapien pulvinar consectetur. Abnobas sunt hilotaes de placidus vita. Diatrias tolerare tanquam noster caesium. Potus sensim ad ferox abnoba. Ubi est audax amicitia.', '2018-11-15 17:49:15'),
(118, 24, 3, 'Bassus fatalis classiss virtualiter transferre de flavum. Lorem ipsum dolor sit amet consectetur adipiscing elit. In hac habitasse platea dictumst. Era brevis ratione est. Sed varius a risus eget aliquam. Ut suscipit posuere justo at vulputate. Pellentesque vitae velit ex. Morbi tempus commodo mattis. Nulla porta lobortis ligula vel egestas. Curabitur aliquam euismod dolor non ornare. Ubi est barbatus nix. Ut eleifend mauris et risus ultrices egestas.', '2018-11-15 17:49:16'),
(119, 24, 3, 'Ut suscipit posuere justo at vulputate. Pellentesque vitae velit ex. Era brevis ratione est. Morbi tempus commodo mattis. Silva de secundus galatae demitto quadra. Potus sensim ad ferox abnoba. Nulla porta lobortis ligula vel egestas. Nunc viverra elit ac laoreet suscipit. Sunt torquises imitari velox mirabilis medicinaes. Bassus fatalis classiss virtualiter transferre de flavum. Pellentesque et sapien pulvinar consectetur. Urna nisl sollicitudin id varius orci quam id turpis.', '2018-11-15 17:49:17'),
(120, 24, 3, 'Ut suscipit posuere justo at vulputate. Lorem ipsum dolor sit amet consectetur adipiscing elit. Pellentesque vitae velit ex. Silva de secundus galatae demitto quadra. Potus sensim ad ferox abnoba. Ubi est audax amicitia. Aliquam sodales odio id eleifend tristique.', '2018-11-15 17:49:18'),
(121, 25, 3, 'Era brevis ratione est. Potus sensim ad ferox abnoba. Ut suscipit posuere justo at vulputate. Ubi est audax amicitia. Mineralis persuadere omnes finises desiderium. Eros diam egestas libero eu vulputate risus. Diatrias tolerare tanquam noster caesium. Sunt torquises imitari velox mirabilis medicinaes. Eposs sunt solems de superbus fortis. Abnobas sunt hilotaes de placidus vita. Nulla porta lobortis ligula vel egestas. Ut eleifend mauris et risus ultrices egestas. Vae humani generis.', '2018-11-15 17:49:14'),
(122, 25, 3, 'Sunt torquises imitari velox mirabilis medicinaes. Pellentesque et sapien pulvinar consectetur. Diatrias tolerare tanquam noster caesium. Eposs sunt solems de superbus fortis. Mauris dapibus risus quis suscipit vulputate. Sed varius a risus eget aliquam. Curabitur aliquam euismod dolor non ornare. Vae humani generis. Pellentesque vitae velit ex. Nunc viverra elit ac laoreet suscipit.', '2018-11-15 17:49:15'),
(123, 25, 3, 'Bassus fatalis classiss virtualiter transferre de flavum. In hac habitasse platea dictumst. Morbi tempus commodo mattis. Mauris dapibus risus quis suscipit vulputate. Ubi est audax amicitia. Lorem ipsum dolor sit amet consectetur adipiscing elit. Abnobas sunt hilotaes de placidus vita.', '2018-11-15 17:49:16'),
(124, 25, 3, 'Vae humani generis. Nulla porta lobortis ligula vel egestas. Sed varius a risus eget aliquam. Ut eleifend mauris et risus ultrices egestas. Bassus fatalis classiss virtualiter transferre de flavum. Diatrias tolerare tanquam noster caesium. Potus sensim ad ferox abnoba. Abnobas sunt hilotaes de placidus vita. Era brevis ratione est.', '2018-11-15 17:49:17');
INSERT INTO `sf_comment` (`id`, `post_id`, `author_id`, `content`, `published_at`) VALUES
(125, 25, 3, 'Sed varius a risus eget aliquam. Curabitur aliquam euismod dolor non ornare. Abnobas sunt hilotaes de placidus vita. Silva de secundus galatae demitto quadra. In hac habitasse platea dictumst. Ubi est audax amicitia. Teres talis saepe tractare de camerarius flavum sensorem. Mauris dapibus risus quis suscipit vulputate. Aliquam sodales odio id eleifend tristique. Morbi tempus commodo mattis. Sunt seculaes transferre talis camerarius fluctuies. Diatrias tolerare tanquam noster caesium.', '2018-11-15 17:49:18'),
(126, 26, 3, 'Diatrias tolerare tanquam noster caesium. Ut eleifend mauris et risus ultrices egestas. Mineralis persuadere omnes finises desiderium. Abnobas sunt hilotaes de placidus vita. Urna nisl sollicitudin id varius orci quam id turpis. Potus sensim ad ferox abnoba. Teres talis saepe tractare de camerarius flavum sensorem. Pellentesque vitae velit ex. Era brevis ratione est. In hac habitasse platea dictumst. Curabitur aliquam euismod dolor non ornare.', '2018-11-15 17:49:14'),
(127, 26, 3, 'Ubi est barbatus nix. Mineralis persuadere omnes finises desiderium. Mauris dapibus risus quis suscipit vulputate. Sunt accentores vitare salvus flavum parses. Vae humani generis. Aliquam sodales odio id eleifend tristique. Teres talis saepe tractare de camerarius flavum sensorem. Pellentesque vitae velit ex. Silva de secundus galatae demitto quadra.', '2018-11-15 17:49:15'),
(128, 26, 3, 'Morbi tempus commodo mattis. Ut eleifend mauris et risus ultrices egestas. Vae humani generis. Mauris dapibus risus quis suscipit vulputate. Era brevis ratione est. Aliquam sodales odio id eleifend tristique. Pellentesque et sapien pulvinar consectetur. Eros diam egestas libero eu vulputate risus. Potus sensim ad ferox abnoba.', '2018-11-15 17:49:16'),
(129, 26, 3, 'Ut suscipit posuere justo at vulputate. Ubi est barbatus nix. Sunt accentores vitare salvus flavum parses. Vae humani generis. Ut eleifend mauris et risus ultrices egestas. Sunt torquises imitari velox mirabilis medicinaes. Aliquam sodales odio id eleifend tristique. Mineralis persuadere omnes finises desiderium. Morbi tempus commodo mattis. Eposs sunt solems de superbus fortis.', '2018-11-15 17:49:17'),
(130, 26, 3, 'Diatrias tolerare tanquam noster caesium. In hac habitasse platea dictumst. Eposs sunt solems de superbus fortis. Nulla porta lobortis ligula vel egestas. Aliquam sodales odio id eleifend tristique. Ut suscipit posuere justo at vulputate. Nunc viverra elit ac laoreet suscipit. Pellentesque et sapien pulvinar consectetur. Potus sensim ad ferox abnoba. Eros diam egestas libero eu vulputate risus. Pellentesque vitae velit ex. Sunt torquises imitari velox mirabilis medicinaes.', '2018-11-15 17:49:18'),
(131, 27, 3, 'Sunt accentores vitare salvus flavum parses. Teres talis saepe tractare de camerarius flavum sensorem. Nulla porta lobortis ligula vel egestas. Ubi est barbatus nix. Eros diam egestas libero eu vulputate risus. Silva de secundus galatae demitto quadra. Eposs sunt solems de superbus fortis. Curabitur aliquam euismod dolor non ornare. Ubi est audax amicitia. Diatrias tolerare tanquam noster caesium.', '2018-11-15 17:49:14'),
(132, 27, 3, 'Morbi tempus commodo mattis. Ubi est audax amicitia. Diatrias tolerare tanquam noster caesium. Mauris dapibus risus quis suscipit vulputate. Vae humani generis. Ubi est barbatus nix. In hac habitasse platea dictumst. Ut suscipit posuere justo at vulputate. Nunc viverra elit ac laoreet suscipit. Eros diam egestas libero eu vulputate risus.', '2018-11-15 17:49:15'),
(133, 27, 3, 'Morbi tempus commodo mattis. Ubi est audax amicitia. Pellentesque vitae velit ex. Era brevis ratione est. Teres talis saepe tractare de camerarius flavum sensorem. Diatrias tolerare tanquam noster caesium. Sunt torquises imitari velox mirabilis medicinaes. Ut eleifend mauris et risus ultrices egestas.', '2018-11-15 17:49:16'),
(134, 27, 3, 'Sed varius a risus eget aliquam. In hac habitasse platea dictumst. Ut eleifend mauris et risus ultrices egestas. Sunt accentores vitare salvus flavum parses. Nunc viverra elit ac laoreet suscipit. Lorem ipsum dolor sit amet consectetur adipiscing elit. Silva de secundus galatae demitto quadra. Mineralis persuadere omnes finises desiderium. Bassus fatalis classiss virtualiter transferre de flavum. Vae humani generis.', '2018-11-15 17:49:17'),
(135, 27, 3, 'Silva de secundus galatae demitto quadra. In hac habitasse platea dictumst. Ut eleifend mauris et risus ultrices egestas. Pellentesque et sapien pulvinar consectetur. Sunt accentores vitare salvus flavum parses. Era brevis ratione est.', '2018-11-15 17:49:18'),
(136, 28, 3, 'Aliquam sodales odio id eleifend tristique. Teres talis saepe tractare de camerarius flavum sensorem. Pellentesque vitae velit ex. Sed varius a risus eget aliquam. Morbi tempus commodo mattis. Silva de secundus galatae demitto quadra. Sunt accentores vitare salvus flavum parses. Sunt seculaes transferre talis camerarius fluctuies. Nulla porta lobortis ligula vel egestas. Bassus fatalis classiss virtualiter transferre de flavum.', '2018-11-15 17:49:14'),
(137, 28, 3, 'Abnobas sunt hilotaes de placidus vita. Eros diam egestas libero eu vulputate risus. Morbi tempus commodo mattis. Urna nisl sollicitudin id varius orci quam id turpis. Curabitur aliquam euismod dolor non ornare. Aliquam sodales odio id eleifend tristique. Vae humani generis. In hac habitasse platea dictumst. Ut eleifend mauris et risus ultrices egestas. Era brevis ratione est.', '2018-11-15 17:49:15'),
(138, 28, 3, 'Pellentesque et sapien pulvinar consectetur. Curabitur aliquam euismod dolor non ornare. Nulla porta lobortis ligula vel egestas. Lorem ipsum dolor sit amet consectetur adipiscing elit. Mauris dapibus risus quis suscipit vulputate. Mineralis persuadere omnes finises desiderium. Urna nisl sollicitudin id varius orci quam id turpis.', '2018-11-15 17:49:16'),
(139, 28, 3, 'Diatrias tolerare tanquam noster caesium. Ut suscipit posuere justo at vulputate. Morbi tempus commodo mattis. Sunt torquises imitari velox mirabilis medicinaes. Lorem ipsum dolor sit amet consectetur adipiscing elit. Silva de secundus galatae demitto quadra. Mauris dapibus risus quis suscipit vulputate.', '2018-11-15 17:49:17'),
(140, 28, 3, 'Diatrias tolerare tanquam noster caesium. Potus sensim ad ferox abnoba. Ubi est audax amicitia. Mineralis persuadere omnes finises desiderium. Vae humani generis. Eposs sunt solems de superbus fortis. Ut suscipit posuere justo at vulputate. Sunt seculaes transferre talis camerarius fluctuies. Lorem ipsum dolor sit amet consectetur adipiscing elit. In hac habitasse platea dictumst.', '2018-11-15 17:49:18'),
(141, 29, 3, 'Abnobas sunt hilotaes de placidus vita. Sunt accentores vitare salvus flavum parses. Mauris dapibus risus quis suscipit vulputate. Ubi est barbatus nix. Eros diam egestas libero eu vulputate risus. Teres talis saepe tractare de camerarius flavum sensorem.', '2018-11-15 17:49:14'),
(142, 29, 3, 'Aliquam sodales odio id eleifend tristique. Vae humani generis. Nulla porta lobortis ligula vel egestas. Era brevis ratione est. Ubi est barbatus nix. Ut suscipit posuere justo at vulputate. Urna nisl sollicitudin id varius orci quam id turpis. Sunt accentores vitare salvus flavum parses. Mauris dapibus risus quis suscipit vulputate. Nunc viverra elit ac laoreet suscipit. Eros diam egestas libero eu vulputate risus. Lorem ipsum dolor sit amet consectetur adipiscing elit.', '2018-11-15 17:49:15'),
(143, 29, 3, 'Eros diam egestas libero eu vulputate risus. Curabitur aliquam euismod dolor non ornare. Sunt torquises imitari velox mirabilis medicinaes. Potus sensim ad ferox abnoba. Pellentesque vitae velit ex. Teres talis saepe tractare de camerarius flavum sensorem. Sed varius a risus eget aliquam. Vae humani generis. Aliquam sodales odio id eleifend tristique. Bassus fatalis classiss virtualiter transferre de flavum.', '2018-11-15 17:49:16'),
(144, 29, 3, 'Eros diam egestas libero eu vulputate risus. Aliquam sodales odio id eleifend tristique. In hac habitasse platea dictumst. Urna nisl sollicitudin id varius orci quam id turpis. Morbi tempus commodo mattis. Ut suscipit posuere justo at vulputate. Sunt accentores vitare salvus flavum parses. Mauris dapibus risus quis suscipit vulputate. Silva de secundus galatae demitto quadra. Teres talis saepe tractare de camerarius flavum sensorem.', '2018-11-15 17:49:17'),
(145, 29, 3, 'Mineralis persuadere omnes finises desiderium. Urna nisl sollicitudin id varius orci quam id turpis. Mauris dapibus risus quis suscipit vulputate. Ut suscipit posuere justo at vulputate. Ubi est audax amicitia. Aliquam sodales odio id eleifend tristique. Diatrias tolerare tanquam noster caesium. Sunt seculaes transferre talis camerarius fluctuies. Ut eleifend mauris et risus ultrices egestas. Silva de secundus galatae demitto quadra. Eros diam egestas libero eu vulputate risus.', '2018-11-15 17:49:18'),
(146, 30, 3, 'Abnobas sunt hilotaes de placidus vita. Morbi tempus commodo mattis. Era brevis ratione est. In hac habitasse platea dictumst. Sunt seculaes transferre talis camerarius fluctuies. Eposs sunt solems de superbus fortis. Vae humani generis. Sunt torquises imitari velox mirabilis medicinaes. Diatrias tolerare tanquam noster caesium.', '2018-11-15 17:49:14'),
(147, 30, 3, 'Era brevis ratione est. Eposs sunt solems de superbus fortis. Sed varius a risus eget aliquam. Aliquam sodales odio id eleifend tristique. Eros diam egestas libero eu vulputate risus. Urna nisl sollicitudin id varius orci quam id turpis. Ubi est audax amicitia. Mineralis persuadere omnes finises desiderium. Mauris dapibus risus quis suscipit vulputate. Pellentesque vitae velit ex. Potus sensim ad ferox abnoba. Silva de secundus galatae demitto quadra.', '2018-11-15 17:49:15'),
(148, 30, 3, 'Era brevis ratione est. Sunt torquises imitari velox mirabilis medicinaes. Mauris dapibus risus quis suscipit vulputate. Ubi est barbatus nix. Sunt seculaes transferre talis camerarius fluctuies. Abnobas sunt hilotaes de placidus vita. Ubi est audax amicitia. Sunt accentores vitare salvus flavum parses.', '2018-11-15 17:49:16'),
(149, 30, 3, 'Potus sensim ad ferox abnoba. Abnobas sunt hilotaes de placidus vita. Eros diam egestas libero eu vulputate risus. Sunt seculaes transferre talis camerarius fluctuies. Diatrias tolerare tanquam noster caesium. Lorem ipsum dolor sit amet consectetur adipiscing elit. Urna nisl sollicitudin id varius orci quam id turpis. Pellentesque et sapien pulvinar consectetur.', '2018-11-15 17:49:17'),
(150, 30, 3, 'Sunt accentores vitare salvus flavum parses. Aliquam sodales odio id eleifend tristique. Era brevis ratione est. Sunt seculaes transferre talis camerarius fluctuies. Urna nisl sollicitudin id varius orci quam id turpis. Ubi est barbatus nix. Sed varius a risus eget aliquam.', '2018-11-15 17:49:18');

-- --------------------------------------------------------

--
-- Table structure for table `sf_post`
--

CREATE TABLE `sf_post` (
  `id` int(11) NOT NULL,
  `author_id` int(11) NOT NULL,
  `title` varchar(255) CHARACTER SET utf8mb4 COLLATE utf8mb4_unicode_ci NOT NULL,
  `slug` varchar(255) CHARACTER SET utf8mb4 COLLATE utf8mb4_unicode_ci NOT NULL,
  `summary` varchar(255) CHARACTER SET utf8mb4 COLLATE utf8mb4_unicode_ci NOT NULL,
  `content` longtext CHARACTER SET utf8mb4 COLLATE utf8mb4_unicode_ci NOT NULL,
  `published_at` datetime NOT NULL
) ENGINE=InnoDB DEFAULT CHARSET=utf8;

--
-- Dumping data for table `sf_post`
--

INSERT INTO `sf_post` (`id`, `author_id`, `title`, `slug`, `summary`, `content`, `published_at`) VALUES
(1, 1, 'Lorem ipsum dolor sit amet consectetur adipiscing elit', 'lorem-ipsum-dolor-sit-amet-consectetur-adipiscing-elit', 'Ubi est barbatus nix. Ut suscipit posuere justo at vulputate. Ut eleifend mauris et risus ultrices egestas. Diatrias tolerare tanquam noster caesium. Pellentesque vitae velit ex. Sunt accentores vitare salvus flavum parses.', 'Lorem ipsum dolor sit amet consectetur adipisicing elit, sed do eiusmod tempor\nincididunt ut labore et **dolore magna aliqua**: Duis aute irure dolor in\nreprehenderit in voluptate velit esse cillum dolore eu fugiat nulla pariatur.\nExcepteur sint occaecat cupidatat non proident, sunt in culpa qui officia\ndeserunt mollit anim id est laborum.\n\n  * Ut enim ad minim veniam\n  * Quis nostrud exercitation *ullamco laboris*\n  * Nisi ut aliquip ex ea commodo consequat\n\nPraesent id fermentum lorem. Ut est lorem, fringilla at accumsan nec, euismod at\nnunc. Aenean mattis sollicitudin mattis. Nullam pulvinar vestibulum bibendum.\nClass aptent taciti sociosqu ad litora torquent per conubia nostra, per inceptos\nhimenaeos. Fusce nulla purus, gravida ac interdum ut, blandit eget ex. Duis a\nluctus dolor.\n\nInteger auctor massa maximus nulla scelerisque accumsan. *Aliquam ac malesuada*\nex. Pellentesque tortor magna, vulputate eu vulputate ut, venenatis ac lectus.\nPraesent ut lacinia sem. Mauris a lectus eget felis mollis feugiat. Quisque\nefficitur, mi ut semper pulvinar, urna urna blandit massa, eget tincidunt augue\nnulla vitae est.\n\nUt posuere aliquet tincidunt. Aliquam erat volutpat. **Class aptent taciti**\nsociosqu ad litora torquent per conubia nostra, per inceptos himenaeos. Morbi\narcu orci, gravida eget aliquam eu, suscipit et ante. Morbi vulputate metus vel\nipsum finibus, ut dapibus massa feugiat. Vestibulum vel lobortis libero. Sed\ntincidunt tellus et viverra scelerisque. Pellentesque tincidunt cursus felis.\nSed in egestas erat.\n\nAliquam pulvinar interdum massa, vel ullamcorper ante consectetur eu. Vestibulum\nlacinia ac enim vel placerat. Integer pulvinar magna nec dui malesuada, nec\ncongue nisl dictum. Donec mollis nisl tortor, at congue erat consequat a. Nam\ntempus elit porta, blandit elit vel, viverra lorem. Sed sit amet tellus\ntincidunt, faucibus nisl in, aliquet libero.', '2018-11-15 17:49:13'),
(2, 1, 'Pellentesque vitae velit ex', 'pellentesque-vitae-velit-ex', 'Sunt accentores vitare salvus flavum parses. Abnobas sunt hilotaes de placidus vita. Nunc viverra elit ac laoreet suscipit. Mineralis persuadere omnes finises desiderium. Ut suscipit posuere justo at vulputate.', 'Lorem ipsum dolor sit amet consectetur adipisicing elit, sed do eiusmod tempor\nincididunt ut labore et **dolore magna aliqua**: Duis aute irure dolor in\nreprehenderit in voluptate velit esse cillum dolore eu fugiat nulla pariatur.\nExcepteur sint occaecat cupidatat non proident, sunt in culpa qui officia\ndeserunt mollit anim id est laborum.\n\n  * Ut enim ad minim veniam\n  * Quis nostrud exercitation *ullamco laboris*\n  * Nisi ut aliquip ex ea commodo consequat\n\nPraesent id fermentum lorem. Ut est lorem, fringilla at accumsan nec, euismod at\nnunc. Aenean mattis sollicitudin mattis. Nullam pulvinar vestibulum bibendum.\nClass aptent taciti sociosqu ad litora torquent per conubia nostra, per inceptos\nhimenaeos. Fusce nulla purus, gravida ac interdum ut, blandit eget ex. Duis a\nluctus dolor.\n\nInteger auctor massa maximus nulla scelerisque accumsan. *Aliquam ac malesuada*\nex. Pellentesque tortor magna, vulputate eu vulputate ut, venenatis ac lectus.\nPraesent ut lacinia sem. Mauris a lectus eget felis mollis feugiat. Quisque\nefficitur, mi ut semper pulvinar, urna urna blandit massa, eget tincidunt augue\nnulla vitae est.\n\nUt posuere aliquet tincidunt. Aliquam erat volutpat. **Class aptent taciti**\nsociosqu ad litora torquent per conubia nostra, per inceptos himenaeos. Morbi\narcu orci, gravida eget aliquam eu, suscipit et ante. Morbi vulputate metus vel\nipsum finibus, ut dapibus massa feugiat. Vestibulum vel lobortis libero. Sed\ntincidunt tellus et viverra scelerisque. Pellentesque tincidunt cursus felis.\nSed in egestas erat.\n\nAliquam pulvinar interdum massa, vel ullamcorper ante consectetur eu. Vestibulum\nlacinia ac enim vel placerat. Integer pulvinar magna nec dui malesuada, nec\ncongue nisl dictum. Donec mollis nisl tortor, at congue erat consequat a. Nam\ntempus elit porta, blandit elit vel, viverra lorem. Sed sit amet tellus\ntincidunt, faucibus nisl in, aliquet libero.', '2018-11-14 17:49:13'),
(3, 2, 'Mauris dapibus risus quis suscipit vulputate', 'mauris-dapibus-risus-quis-suscipit-vulputate', 'Lorem ipsum dolor sit amet consectetur adipiscing elit. Ut suscipit posuere justo at vulputate. Morbi tempus commodo mattis. Vae humani generis. Nunc viverra elit ac laoreet suscipit. Nulla porta lobortis ligula vel egestas.', 'Lorem ipsum dolor sit amet consectetur adipisicing elit, sed do eiusmod tempor\nincididunt ut labore et **dolore magna aliqua**: Duis aute irure dolor in\nreprehenderit in voluptate velit esse cillum dolore eu fugiat nulla pariatur.\nExcepteur sint occaecat cupidatat non proident, sunt in culpa qui officia\ndeserunt mollit anim id est laborum.\n\n  * Ut enim ad minim veniam\n  * Quis nostrud exercitation *ullamco laboris*\n  * Nisi ut aliquip ex ea commodo consequat\n\nPraesent id fermentum lorem. Ut est lorem, fringilla at accumsan nec, euismod at\nnunc. Aenean mattis sollicitudin mattis. Nullam pulvinar vestibulum bibendum.\nClass aptent taciti sociosqu ad litora torquent per conubia nostra, per inceptos\nhimenaeos. Fusce nulla purus, gravida ac interdum ut, blandit eget ex. Duis a\nluctus dolor.\n\nInteger auctor massa maximus nulla scelerisque accumsan. *Aliquam ac malesuada*\nex. Pellentesque tortor magna, vulputate eu vulputate ut, venenatis ac lectus.\nPraesent ut lacinia sem. Mauris a lectus eget felis mollis feugiat. Quisque\nefficitur, mi ut semper pulvinar, urna urna blandit massa, eget tincidunt augue\nnulla vitae est.\n\nUt posuere aliquet tincidunt. Aliquam erat volutpat. **Class aptent taciti**\nsociosqu ad litora torquent per conubia nostra, per inceptos himenaeos. Morbi\narcu orci, gravida eget aliquam eu, suscipit et ante. Morbi vulputate metus vel\nipsum finibus, ut dapibus massa feugiat. Vestibulum vel lobortis libero. Sed\ntincidunt tellus et viverra scelerisque. Pellentesque tincidunt cursus felis.\nSed in egestas erat.\n\nAliquam pulvinar interdum massa, vel ullamcorper ante consectetur eu. Vestibulum\nlacinia ac enim vel placerat. Integer pulvinar magna nec dui malesuada, nec\ncongue nisl dictum. Donec mollis nisl tortor, at congue erat consequat a. Nam\ntempus elit porta, blandit elit vel, viverra lorem. Sed sit amet tellus\ntincidunt, faucibus nisl in, aliquet libero.', '2018-11-13 17:49:13'),
(4, 2, 'Eros diam egestas libero eu vulputate risus', 'eros-diam-egestas-libero-eu-vulputate-risus', 'Sunt accentores vitare salvus flavum parses. Morbi tempus commodo mattis. Potus sensim ad ferox abnoba. Pellentesque et sapien pulvinar consectetur. Sunt torquises imitari velox mirabilis medicinaes. Urna nisl sollicitudin id varius orci quam id turpis.', 'Lorem ipsum dolor sit amet consectetur adipisicing elit, sed do eiusmod tempor\nincididunt ut labore et **dolore magna aliqua**: Duis aute irure dolor in\nreprehenderit in voluptate velit esse cillum dolore eu fugiat nulla pariatur.\nExcepteur sint occaecat cupidatat non proident, sunt in culpa qui officia\ndeserunt mollit anim id est laborum.\n\n  * Ut enim ad minim veniam\n  * Quis nostrud exercitation *ullamco laboris*\n  * Nisi ut aliquip ex ea commodo consequat\n\nPraesent id fermentum lorem. Ut est lorem, fringilla at accumsan nec, euismod at\nnunc. Aenean mattis sollicitudin mattis. Nullam pulvinar vestibulum bibendum.\nClass aptent taciti sociosqu ad litora torquent per conubia nostra, per inceptos\nhimenaeos. Fusce nulla purus, gravida ac interdum ut, blandit eget ex. Duis a\nluctus dolor.\n\nInteger auctor massa maximus nulla scelerisque accumsan. *Aliquam ac malesuada*\nex. Pellentesque tortor magna, vulputate eu vulputate ut, venenatis ac lectus.\nPraesent ut lacinia sem. Mauris a lectus eget felis mollis feugiat. Quisque\nefficitur, mi ut semper pulvinar, urna urna blandit massa, eget tincidunt augue\nnulla vitae est.\n\nUt posuere aliquet tincidunt. Aliquam erat volutpat. **Class aptent taciti**\nsociosqu ad litora torquent per conubia nostra, per inceptos himenaeos. Morbi\narcu orci, gravida eget aliquam eu, suscipit et ante. Morbi vulputate metus vel\nipsum finibus, ut dapibus massa feugiat. Vestibulum vel lobortis libero. Sed\ntincidunt tellus et viverra scelerisque. Pellentesque tincidunt cursus felis.\nSed in egestas erat.\n\nAliquam pulvinar interdum massa, vel ullamcorper ante consectetur eu. Vestibulum\nlacinia ac enim vel placerat. Integer pulvinar magna nec dui malesuada, nec\ncongue nisl dictum. Donec mollis nisl tortor, at congue erat consequat a. Nam\ntempus elit porta, blandit elit vel, viverra lorem. Sed sit amet tellus\ntincidunt, faucibus nisl in, aliquet libero.', '2018-11-12 17:49:13'),
(5, 2, 'In hac habitasse platea dictumst', 'in-hac-habitasse-platea-dictumst', 'Bassus fatalis classiss virtualiter transferre de flavum. Nunc viverra elit ac laoreet suscipit. Abnobas sunt hilotaes de placidus vita. Lorem ipsum dolor sit amet consectetur adipiscing elit. Ut eleifend mauris et risus ultrices egestas.', 'Lorem ipsum dolor sit amet consectetur adipisicing elit, sed do eiusmod tempor\nincididunt ut labore et **dolore magna aliqua**: Duis aute irure dolor in\nreprehenderit in voluptate velit esse cillum dolore eu fugiat nulla pariatur.\nExcepteur sint occaecat cupidatat non proident, sunt in culpa qui officia\ndeserunt mollit anim id est laborum.\n\n  * Ut enim ad minim veniam\n  * Quis nostrud exercitation *ullamco laboris*\n  * Nisi ut aliquip ex ea commodo consequat\n\nPraesent id fermentum lorem. Ut est lorem, fringilla at accumsan nec, euismod at\nnunc. Aenean mattis sollicitudin mattis. Nullam pulvinar vestibulum bibendum.\nClass aptent taciti sociosqu ad litora torquent per conubia nostra, per inceptos\nhimenaeos. Fusce nulla purus, gravida ac interdum ut, blandit eget ex. Duis a\nluctus dolor.\n\nInteger auctor massa maximus nulla scelerisque accumsan. *Aliquam ac malesuada*\nex. Pellentesque tortor magna, vulputate eu vulputate ut, venenatis ac lectus.\nPraesent ut lacinia sem. Mauris a lectus eget felis mollis feugiat. Quisque\nefficitur, mi ut semper pulvinar, urna urna blandit massa, eget tincidunt augue\nnulla vitae est.\n\nUt posuere aliquet tincidunt. Aliquam erat volutpat. **Class aptent taciti**\nsociosqu ad litora torquent per conubia nostra, per inceptos himenaeos. Morbi\narcu orci, gravida eget aliquam eu, suscipit et ante. Morbi vulputate metus vel\nipsum finibus, ut dapibus massa feugiat. Vestibulum vel lobortis libero. Sed\ntincidunt tellus et viverra scelerisque. Pellentesque tincidunt cursus felis.\nSed in egestas erat.\n\nAliquam pulvinar interdum massa, vel ullamcorper ante consectetur eu. Vestibulum\nlacinia ac enim vel placerat. Integer pulvinar magna nec dui malesuada, nec\ncongue nisl dictum. Donec mollis nisl tortor, at congue erat consequat a. Nam\ntempus elit porta, blandit elit vel, viverra lorem. Sed sit amet tellus\ntincidunt, faucibus nisl in, aliquet libero.', '2018-11-11 17:49:13'),
(6, 2, 'Morbi tempus commodo mattis', 'morbi-tempus-commodo-mattis', 'Nunc viverra elit ac laoreet suscipit. Ubi est barbatus nix. Diatrias tolerare tanquam noster caesium. Pellentesque vitae velit ex. Mauris dapibus risus quis suscipit vulputate. Abnobas sunt hilotaes de placidus vita.', 'Lorem ipsum dolor sit amet consectetur adipisicing elit, sed do eiusmod tempor\nincididunt ut labore et **dolore magna aliqua**: Duis aute irure dolor in\nreprehenderit in voluptate velit esse cillum dolore eu fugiat nulla pariatur.\nExcepteur sint occaecat cupidatat non proident, sunt in culpa qui officia\ndeserunt mollit anim id est laborum.\n\n  * Ut enim ad minim veniam\n  * Quis nostrud exercitation *ullamco laboris*\n  * Nisi ut aliquip ex ea commodo consequat\n\nPraesent id fermentum lorem. Ut est lorem, fringilla at accumsan nec, euismod at\nnunc. Aenean mattis sollicitudin mattis. Nullam pulvinar vestibulum bibendum.\nClass aptent taciti sociosqu ad litora torquent per conubia nostra, per inceptos\nhimenaeos. Fusce nulla purus, gravida ac interdum ut, blandit eget ex. Duis a\nluctus dolor.\n\nInteger auctor massa maximus nulla scelerisque accumsan. *Aliquam ac malesuada*\nex. Pellentesque tortor magna, vulputate eu vulputate ut, venenatis ac lectus.\nPraesent ut lacinia sem. Mauris a lectus eget felis mollis feugiat. Quisque\nefficitur, mi ut semper pulvinar, urna urna blandit massa, eget tincidunt augue\nnulla vitae est.\n\nUt posuere aliquet tincidunt. Aliquam erat volutpat. **Class aptent taciti**\nsociosqu ad litora torquent per conubia nostra, per inceptos himenaeos. Morbi\narcu orci, gravida eget aliquam eu, suscipit et ante. Morbi vulputate metus vel\nipsum finibus, ut dapibus massa feugiat. Vestibulum vel lobortis libero. Sed\ntincidunt tellus et viverra scelerisque. Pellentesque tincidunt cursus felis.\nSed in egestas erat.\n\nAliquam pulvinar interdum massa, vel ullamcorper ante consectetur eu. Vestibulum\nlacinia ac enim vel placerat. Integer pulvinar magna nec dui malesuada, nec\ncongue nisl dictum. Donec mollis nisl tortor, at congue erat consequat a. Nam\ntempus elit porta, blandit elit vel, viverra lorem. Sed sit amet tellus\ntincidunt, faucibus nisl in, aliquet libero.', '2018-11-10 17:49:13'),
(7, 2, 'Ut suscipit posuere justo at vulputate', 'ut-suscipit-posuere-justo-at-vulputate', 'Eposs sunt solems de superbus fortis. Morbi tempus commodo mattis. Diatrias tolerare tanquam noster caesium. Abnobas sunt hilotaes de placidus vita. Ubi est audax amicitia. Potus sensim ad ferox abnoba. Pellentesque et sapien pulvinar consectetur.', 'Lorem ipsum dolor sit amet consectetur adipisicing elit, sed do eiusmod tempor\nincididunt ut labore et **dolore magna aliqua**: Duis aute irure dolor in\nreprehenderit in voluptate velit esse cillum dolore eu fugiat nulla pariatur.\nExcepteur sint occaecat cupidatat non proident, sunt in culpa qui officia\ndeserunt mollit anim id est laborum.\n\n  * Ut enim ad minim veniam\n  * Quis nostrud exercitation *ullamco laboris*\n  * Nisi ut aliquip ex ea commodo consequat\n\nPraesent id fermentum lorem. Ut est lorem, fringilla at accumsan nec, euismod at\nnunc. Aenean mattis sollicitudin mattis. Nullam pulvinar vestibulum bibendum.\nClass aptent taciti sociosqu ad litora torquent per conubia nostra, per inceptos\nhimenaeos. Fusce nulla purus, gravida ac interdum ut, blandit eget ex. Duis a\nluctus dolor.\n\nInteger auctor massa maximus nulla scelerisque accumsan. *Aliquam ac malesuada*\nex. Pellentesque tortor magna, vulputate eu vulputate ut, venenatis ac lectus.\nPraesent ut lacinia sem. Mauris a lectus eget felis mollis feugiat. Quisque\nefficitur, mi ut semper pulvinar, urna urna blandit massa, eget tincidunt augue\nnulla vitae est.\n\nUt posuere aliquet tincidunt. Aliquam erat volutpat. **Class aptent taciti**\nsociosqu ad litora torquent per conubia nostra, per inceptos himenaeos. Morbi\narcu orci, gravida eget aliquam eu, suscipit et ante. Morbi vulputate metus vel\nipsum finibus, ut dapibus massa feugiat. Vestibulum vel lobortis libero. Sed\ntincidunt tellus et viverra scelerisque. Pellentesque tincidunt cursus felis.\nSed in egestas erat.\n\nAliquam pulvinar interdum massa, vel ullamcorper ante consectetur eu. Vestibulum\nlacinia ac enim vel placerat. Integer pulvinar magna nec dui malesuada, nec\ncongue nisl dictum. Donec mollis nisl tortor, at congue erat consequat a. Nam\ntempus elit porta, blandit elit vel, viverra lorem. Sed sit amet tellus\ntincidunt, faucibus nisl in, aliquet libero.', '2018-11-09 17:49:13'),
(8, 1, 'Ut eleifend mauris et risus ultrices egestas', 'ut-eleifend-mauris-et-risus-ultrices-egestas', 'Sunt seculaes transferre talis camerarius fluctuies. Sunt accentores vitare salvus flavum parses. Eros diam egestas libero eu vulputate risus. Potus sensim ad ferox abnoba. Silva de secundus galatae demitto quadra.', 'Lorem ipsum dolor sit amet consectetur adipisicing elit, sed do eiusmod tempor\nincididunt ut labore et **dolore magna aliqua**: Duis aute irure dolor in\nreprehenderit in voluptate velit esse cillum dolore eu fugiat nulla pariatur.\nExcepteur sint occaecat cupidatat non proident, sunt in culpa qui officia\ndeserunt mollit anim id est laborum.\n\n  * Ut enim ad minim veniam\n  * Quis nostrud exercitation *ullamco laboris*\n  * Nisi ut aliquip ex ea commodo consequat\n\nPraesent id fermentum lorem. Ut est lorem, fringilla at accumsan nec, euismod at\nnunc. Aenean mattis sollicitudin mattis. Nullam pulvinar vestibulum bibendum.\nClass aptent taciti sociosqu ad litora torquent per conubia nostra, per inceptos\nhimenaeos. Fusce nulla purus, gravida ac interdum ut, blandit eget ex. Duis a\nluctus dolor.\n\nInteger auctor massa maximus nulla scelerisque accumsan. *Aliquam ac malesuada*\nex. Pellentesque tortor magna, vulputate eu vulputate ut, venenatis ac lectus.\nPraesent ut lacinia sem. Mauris a lectus eget felis mollis feugiat. Quisque\nefficitur, mi ut semper pulvinar, urna urna blandit massa, eget tincidunt augue\nnulla vitae est.\n\nUt posuere aliquet tincidunt. Aliquam erat volutpat. **Class aptent taciti**\nsociosqu ad litora torquent per conubia nostra, per inceptos himenaeos. Morbi\narcu orci, gravida eget aliquam eu, suscipit et ante. Morbi vulputate metus vel\nipsum finibus, ut dapibus massa feugiat. Vestibulum vel lobortis libero. Sed\ntincidunt tellus et viverra scelerisque. Pellentesque tincidunt cursus felis.\nSed in egestas erat.\n\nAliquam pulvinar interdum massa, vel ullamcorper ante consectetur eu. Vestibulum\nlacinia ac enim vel placerat. Integer pulvinar magna nec dui malesuada, nec\ncongue nisl dictum. Donec mollis nisl tortor, at congue erat consequat a. Nam\ntempus elit porta, blandit elit vel, viverra lorem. Sed sit amet tellus\ntincidunt, faucibus nisl in, aliquet libero.', '2018-11-08 17:49:13'),
(9, 1, 'Aliquam sodales odio id eleifend tristique', 'aliquam-sodales-odio-id-eleifend-tristique', 'Aliquam sodales odio id eleifend tristique. Nunc viverra elit ac laoreet suscipit. Ubi est barbatus nix. Vae humani generis. Mineralis persuadere omnes finises desiderium. Mauris dapibus risus quis suscipit vulputate.', 'Lorem ipsum dolor sit amet consectetur adipisicing elit, sed do eiusmod tempor\nincididunt ut labore et **dolore magna aliqua**: Duis aute irure dolor in\nreprehenderit in voluptate velit esse cillum dolore eu fugiat nulla pariatur.\nExcepteur sint occaecat cupidatat non proident, sunt in culpa qui officia\ndeserunt mollit anim id est laborum.\n\n  * Ut enim ad minim veniam\n  * Quis nostrud exercitation *ullamco laboris*\n  * Nisi ut aliquip ex ea commodo consequat\n\nPraesent id fermentum lorem. Ut est lorem, fringilla at accumsan nec, euismod at\nnunc. Aenean mattis sollicitudin mattis. Nullam pulvinar vestibulum bibendum.\nClass aptent taciti sociosqu ad litora torquent per conubia nostra, per inceptos\nhimenaeos. Fusce nulla purus, gravida ac interdum ut, blandit eget ex. Duis a\nluctus dolor.\n\nInteger auctor massa maximus nulla scelerisque accumsan. *Aliquam ac malesuada*\nex. Pellentesque tortor magna, vulputate eu vulputate ut, venenatis ac lectus.\nPraesent ut lacinia sem. Mauris a lectus eget felis mollis feugiat. Quisque\nefficitur, mi ut semper pulvinar, urna urna blandit massa, eget tincidunt augue\nnulla vitae est.\n\nUt posuere aliquet tincidunt. Aliquam erat volutpat. **Class aptent taciti**\nsociosqu ad litora torquent per conubia nostra, per inceptos himenaeos. Morbi\narcu orci, gravida eget aliquam eu, suscipit et ante. Morbi vulputate metus vel\nipsum finibus, ut dapibus massa feugiat. Vestibulum vel lobortis libero. Sed\ntincidunt tellus et viverra scelerisque. Pellentesque tincidunt cursus felis.\nSed in egestas erat.\n\nAliquam pulvinar interdum massa, vel ullamcorper ante consectetur eu. Vestibulum\nlacinia ac enim vel placerat. Integer pulvinar magna nec dui malesuada, nec\ncongue nisl dictum. Donec mollis nisl tortor, at congue erat consequat a. Nam\ntempus elit porta, blandit elit vel, viverra lorem. Sed sit amet tellus\ntincidunt, faucibus nisl in, aliquet libero.', '2018-11-07 17:49:13'),
(10, 2, 'Urna nisl sollicitudin id varius orci quam id turpis', 'urna-nisl-sollicitudin-id-varius-orci-quam-id-turpis', 'Nulla porta lobortis ligula vel egestas. In hac habitasse platea dictumst. Sunt seculaes transferre talis camerarius fluctuies. Era brevis ratione est. Ubi est barbatus nix. Pellentesque vitae velit ex. Diatrias tolerare tanquam noster caesium.', 'Lorem ipsum dolor sit amet consectetur adipisicing elit, sed do eiusmod tempor\nincididunt ut labore et **dolore magna aliqua**: Duis aute irure dolor in\nreprehenderit in voluptate velit esse cillum dolore eu fugiat nulla pariatur.\nExcepteur sint occaecat cupidatat non proident, sunt in culpa qui officia\ndeserunt mollit anim id est laborum.\n\n  * Ut enim ad minim veniam\n  * Quis nostrud exercitation *ullamco laboris*\n  * Nisi ut aliquip ex ea commodo consequat\n\nPraesent id fermentum lorem. Ut est lorem, fringilla at accumsan nec, euismod at\nnunc. Aenean mattis sollicitudin mattis. Nullam pulvinar vestibulum bibendum.\nClass aptent taciti sociosqu ad litora torquent per conubia nostra, per inceptos\nhimenaeos. Fusce nulla purus, gravida ac interdum ut, blandit eget ex. Duis a\nluctus dolor.\n\nInteger auctor massa maximus nulla scelerisque accumsan. *Aliquam ac malesuada*\nex. Pellentesque tortor magna, vulputate eu vulputate ut, venenatis ac lectus.\nPraesent ut lacinia sem. Mauris a lectus eget felis mollis feugiat. Quisque\nefficitur, mi ut semper pulvinar, urna urna blandit massa, eget tincidunt augue\nnulla vitae est.\n\nUt posuere aliquet tincidunt. Aliquam erat volutpat. **Class aptent taciti**\nsociosqu ad litora torquent per conubia nostra, per inceptos himenaeos. Morbi\narcu orci, gravida eget aliquam eu, suscipit et ante. Morbi vulputate metus vel\nipsum finibus, ut dapibus massa feugiat. Vestibulum vel lobortis libero. Sed\ntincidunt tellus et viverra scelerisque. Pellentesque tincidunt cursus felis.\nSed in egestas erat.\n\nAliquam pulvinar interdum massa, vel ullamcorper ante consectetur eu. Vestibulum\nlacinia ac enim vel placerat. Integer pulvinar magna nec dui malesuada, nec\ncongue nisl dictum. Donec mollis nisl tortor, at congue erat consequat a. Nam\ntempus elit porta, blandit elit vel, viverra lorem. Sed sit amet tellus\ntincidunt, faucibus nisl in, aliquet libero.', '2018-11-06 17:49:13'),
(11, 1, 'Nulla porta lobortis ligula vel egestas', 'nulla-porta-lobortis-ligula-vel-egestas', 'Ut suscipit posuere justo at vulputate. Mineralis persuadere omnes finises desiderium. Abnobas sunt hilotaes de placidus vita. Sunt accentores vitare salvus flavum parses. Lorem ipsum dolor sit amet consectetur adipiscing elit.', 'Lorem ipsum dolor sit amet consectetur adipisicing elit, sed do eiusmod tempor\nincididunt ut labore et **dolore magna aliqua**: Duis aute irure dolor in\nreprehenderit in voluptate velit esse cillum dolore eu fugiat nulla pariatur.\nExcepteur sint occaecat cupidatat non proident, sunt in culpa qui officia\ndeserunt mollit anim id est laborum.\n\n  * Ut enim ad minim veniam\n  * Quis nostrud exercitation *ullamco laboris*\n  * Nisi ut aliquip ex ea commodo consequat\n\nPraesent id fermentum lorem. Ut est lorem, fringilla at accumsan nec, euismod at\nnunc. Aenean mattis sollicitudin mattis. Nullam pulvinar vestibulum bibendum.\nClass aptent taciti sociosqu ad litora torquent per conubia nostra, per inceptos\nhimenaeos. Fusce nulla purus, gravida ac interdum ut, blandit eget ex. Duis a\nluctus dolor.\n\nInteger auctor massa maximus nulla scelerisque accumsan. *Aliquam ac malesuada*\nex. Pellentesque tortor magna, vulputate eu vulputate ut, venenatis ac lectus.\nPraesent ut lacinia sem. Mauris a lectus eget felis mollis feugiat. Quisque\nefficitur, mi ut semper pulvinar, urna urna blandit massa, eget tincidunt augue\nnulla vitae est.\n\nUt posuere aliquet tincidunt. Aliquam erat volutpat. **Class aptent taciti**\nsociosqu ad litora torquent per conubia nostra, per inceptos himenaeos. Morbi\narcu orci, gravida eget aliquam eu, suscipit et ante. Morbi vulputate metus vel\nipsum finibus, ut dapibus massa feugiat. Vestibulum vel lobortis libero. Sed\ntincidunt tellus et viverra scelerisque. Pellentesque tincidunt cursus felis.\nSed in egestas erat.\n\nAliquam pulvinar interdum massa, vel ullamcorper ante consectetur eu. Vestibulum\nlacinia ac enim vel placerat. Integer pulvinar magna nec dui malesuada, nec\ncongue nisl dictum. Donec mollis nisl tortor, at congue erat consequat a. Nam\ntempus elit porta, blandit elit vel, viverra lorem. Sed sit amet tellus\ntincidunt, faucibus nisl in, aliquet libero.', '2018-11-05 17:49:13'),
(12, 1, 'Curabitur aliquam euismod dolor non ornare', 'curabitur-aliquam-euismod-dolor-non-ornare', 'Sed varius a risus eget aliquam. Lorem ipsum dolor sit amet consectetur adipiscing elit. Mauris dapibus risus quis suscipit vulputate. Vae humani generis. Ut suscipit posuere justo at vulputate. Potus sensim ad ferox abnoba.', 'Lorem ipsum dolor sit amet consectetur adipisicing elit, sed do eiusmod tempor\nincididunt ut labore et **dolore magna aliqua**: Duis aute irure dolor in\nreprehenderit in voluptate velit esse cillum dolore eu fugiat nulla pariatur.\nExcepteur sint occaecat cupidatat non proident, sunt in culpa qui officia\ndeserunt mollit anim id est laborum.\n\n  * Ut enim ad minim veniam\n  * Quis nostrud exercitation *ullamco laboris*\n  * Nisi ut aliquip ex ea commodo consequat\n\nPraesent id fermentum lorem. Ut est lorem, fringilla at accumsan nec, euismod at\nnunc. Aenean mattis sollicitudin mattis. Nullam pulvinar vestibulum bibendum.\nClass aptent taciti sociosqu ad litora torquent per conubia nostra, per inceptos\nhimenaeos. Fusce nulla purus, gravida ac interdum ut, blandit eget ex. Duis a\nluctus dolor.\n\nInteger auctor massa maximus nulla scelerisque accumsan. *Aliquam ac malesuada*\nex. Pellentesque tortor magna, vulputate eu vulputate ut, venenatis ac lectus.\nPraesent ut lacinia sem. Mauris a lectus eget felis mollis feugiat. Quisque\nefficitur, mi ut semper pulvinar, urna urna blandit massa, eget tincidunt augue\nnulla vitae est.\n\nUt posuere aliquet tincidunt. Aliquam erat volutpat. **Class aptent taciti**\nsociosqu ad litora torquent per conubia nostra, per inceptos himenaeos. Morbi\narcu orci, gravida eget aliquam eu, suscipit et ante. Morbi vulputate metus vel\nipsum finibus, ut dapibus massa feugiat. Vestibulum vel lobortis libero. Sed\ntincidunt tellus et viverra scelerisque. Pellentesque tincidunt cursus felis.\nSed in egestas erat.\n\nAliquam pulvinar interdum massa, vel ullamcorper ante consectetur eu. Vestibulum\nlacinia ac enim vel placerat. Integer pulvinar magna nec dui malesuada, nec\ncongue nisl dictum. Donec mollis nisl tortor, at congue erat consequat a. Nam\ntempus elit porta, blandit elit vel, viverra lorem. Sed sit amet tellus\ntincidunt, faucibus nisl in, aliquet libero.', '2018-11-04 17:49:13'),
(13, 2, 'Sed varius a risus eget aliquam', 'sed-varius-a-risus-eget-aliquam', 'Ut eleifend mauris et risus ultrices egestas. Eros diam egestas libero eu vulputate risus. Mineralis persuadere omnes finises desiderium. In hac habitasse platea dictumst. Bassus fatalis classiss virtualiter transferre de flavum. Ubi est audax amicitia.', 'Lorem ipsum dolor sit amet consectetur adipisicing elit, sed do eiusmod tempor\nincididunt ut labore et **dolore magna aliqua**: Duis aute irure dolor in\nreprehenderit in voluptate velit esse cillum dolore eu fugiat nulla pariatur.\nExcepteur sint occaecat cupidatat non proident, sunt in culpa qui officia\ndeserunt mollit anim id est laborum.\n\n  * Ut enim ad minim veniam\n  * Quis nostrud exercitation *ullamco laboris*\n  * Nisi ut aliquip ex ea commodo consequat\n\nPraesent id fermentum lorem. Ut est lorem, fringilla at accumsan nec, euismod at\nnunc. Aenean mattis sollicitudin mattis. Nullam pulvinar vestibulum bibendum.\nClass aptent taciti sociosqu ad litora torquent per conubia nostra, per inceptos\nhimenaeos. Fusce nulla purus, gravida ac interdum ut, blandit eget ex. Duis a\nluctus dolor.\n\nInteger auctor massa maximus nulla scelerisque accumsan. *Aliquam ac malesuada*\nex. Pellentesque tortor magna, vulputate eu vulputate ut, venenatis ac lectus.\nPraesent ut lacinia sem. Mauris a lectus eget felis mollis feugiat. Quisque\nefficitur, mi ut semper pulvinar, urna urna blandit massa, eget tincidunt augue\nnulla vitae est.\n\nUt posuere aliquet tincidunt. Aliquam erat volutpat. **Class aptent taciti**\nsociosqu ad litora torquent per conubia nostra, per inceptos himenaeos. Morbi\narcu orci, gravida eget aliquam eu, suscipit et ante. Morbi vulputate metus vel\nipsum finibus, ut dapibus massa feugiat. Vestibulum vel lobortis libero. Sed\ntincidunt tellus et viverra scelerisque. Pellentesque tincidunt cursus felis.\nSed in egestas erat.\n\nAliquam pulvinar interdum massa, vel ullamcorper ante consectetur eu. Vestibulum\nlacinia ac enim vel placerat. Integer pulvinar magna nec dui malesuada, nec\ncongue nisl dictum. Donec mollis nisl tortor, at congue erat consequat a. Nam\ntempus elit porta, blandit elit vel, viverra lorem. Sed sit amet tellus\ntincidunt, faucibus nisl in, aliquet libero.', '2018-11-03 17:49:13'),
(14, 1, 'Nunc viverra elit ac laoreet suscipit', 'nunc-viverra-elit-ac-laoreet-suscipit', 'Abnobas sunt hilotaes de placidus vita. Mauris dapibus risus quis suscipit vulputate. Morbi tempus commodo mattis. Silva de secundus galatae demitto quadra. In hac habitasse platea dictumst. Ubi est audax amicitia.', 'Lorem ipsum dolor sit amet consectetur adipisicing elit, sed do eiusmod tempor\nincididunt ut labore et **dolore magna aliqua**: Duis aute irure dolor in\nreprehenderit in voluptate velit esse cillum dolore eu fugiat nulla pariatur.\nExcepteur sint occaecat cupidatat non proident, sunt in culpa qui officia\ndeserunt mollit anim id est laborum.\n\n  * Ut enim ad minim veniam\n  * Quis nostrud exercitation *ullamco laboris*\n  * Nisi ut aliquip ex ea commodo consequat\n\nPraesent id fermentum lorem. Ut est lorem, fringilla at accumsan nec, euismod at\nnunc. Aenean mattis sollicitudin mattis. Nullam pulvinar vestibulum bibendum.\nClass aptent taciti sociosqu ad litora torquent per conubia nostra, per inceptos\nhimenaeos. Fusce nulla purus, gravida ac interdum ut, blandit eget ex. Duis a\nluctus dolor.\n\nInteger auctor massa maximus nulla scelerisque accumsan. *Aliquam ac malesuada*\nex. Pellentesque tortor magna, vulputate eu vulputate ut, venenatis ac lectus.\nPraesent ut lacinia sem. Mauris a lectus eget felis mollis feugiat. Quisque\nefficitur, mi ut semper pulvinar, urna urna blandit massa, eget tincidunt augue\nnulla vitae est.\n\nUt posuere aliquet tincidunt. Aliquam erat volutpat. **Class aptent taciti**\nsociosqu ad litora torquent per conubia nostra, per inceptos himenaeos. Morbi\narcu orci, gravida eget aliquam eu, suscipit et ante. Morbi vulputate metus vel\nipsum finibus, ut dapibus massa feugiat. Vestibulum vel lobortis libero. Sed\ntincidunt tellus et viverra scelerisque. Pellentesque tincidunt cursus felis.\nSed in egestas erat.\n\nAliquam pulvinar interdum massa, vel ullamcorper ante consectetur eu. Vestibulum\nlacinia ac enim vel placerat. Integer pulvinar magna nec dui malesuada, nec\ncongue nisl dictum. Donec mollis nisl tortor, at congue erat consequat a. Nam\ntempus elit porta, blandit elit vel, viverra lorem. Sed sit amet tellus\ntincidunt, faucibus nisl in, aliquet libero.', '2018-11-02 17:49:13'),
(15, 2, 'Pellentesque et sapien pulvinar consectetur', 'pellentesque-et-sapien-pulvinar-consectetur', 'Sunt accentores vitare salvus flavum parses. Lorem ipsum dolor sit amet consectetur adipiscing elit. Mauris dapibus risus quis suscipit vulputate. Urna nisl sollicitudin id varius orci quam id turpis. Aliquam sodales odio id eleifend tristique.', 'Lorem ipsum dolor sit amet consectetur adipisicing elit, sed do eiusmod tempor\nincididunt ut labore et **dolore magna aliqua**: Duis aute irure dolor in\nreprehenderit in voluptate velit esse cillum dolore eu fugiat nulla pariatur.\nExcepteur sint occaecat cupidatat non proident, sunt in culpa qui officia\ndeserunt mollit anim id est laborum.\n\n  * Ut enim ad minim veniam\n  * Quis nostrud exercitation *ullamco laboris*\n  * Nisi ut aliquip ex ea commodo consequat\n\nPraesent id fermentum lorem. Ut est lorem, fringilla at accumsan nec, euismod at\nnunc. Aenean mattis sollicitudin mattis. Nullam pulvinar vestibulum bibendum.\nClass aptent taciti sociosqu ad litora torquent per conubia nostra, per inceptos\nhimenaeos. Fusce nulla purus, gravida ac interdum ut, blandit eget ex. Duis a\nluctus dolor.\n\nInteger auctor massa maximus nulla scelerisque accumsan. *Aliquam ac malesuada*\nex. Pellentesque tortor magna, vulputate eu vulputate ut, venenatis ac lectus.\nPraesent ut lacinia sem. Mauris a lectus eget felis mollis feugiat. Quisque\nefficitur, mi ut semper pulvinar, urna urna blandit massa, eget tincidunt augue\nnulla vitae est.\n\nUt posuere aliquet tincidunt. Aliquam erat volutpat. **Class aptent taciti**\nsociosqu ad litora torquent per conubia nostra, per inceptos himenaeos. Morbi\narcu orci, gravida eget aliquam eu, suscipit et ante. Morbi vulputate metus vel\nipsum finibus, ut dapibus massa feugiat. Vestibulum vel lobortis libero. Sed\ntincidunt tellus et viverra scelerisque. Pellentesque tincidunt cursus felis.\nSed in egestas erat.\n\nAliquam pulvinar interdum massa, vel ullamcorper ante consectetur eu. Vestibulum\nlacinia ac enim vel placerat. Integer pulvinar magna nec dui malesuada, nec\ncongue nisl dictum. Donec mollis nisl tortor, at congue erat consequat a. Nam\ntempus elit porta, blandit elit vel, viverra lorem. Sed sit amet tellus\ntincidunt, faucibus nisl in, aliquet libero.', '2018-11-01 17:49:13'),
(16, 2, 'Ubi est barbatus nix', 'ubi-est-barbatus-nix', 'Ut suscipit posuere justo at vulputate. Curabitur aliquam euismod dolor non ornare. Teres talis saepe tractare de camerarius flavum sensorem. Nunc viverra elit ac laoreet suscipit. Vae humani generis. Ubi est barbatus nix.', 'Lorem ipsum dolor sit amet consectetur adipisicing elit, sed do eiusmod tempor\nincididunt ut labore et **dolore magna aliqua**: Duis aute irure dolor in\nreprehenderit in voluptate velit esse cillum dolore eu fugiat nulla pariatur.\nExcepteur sint occaecat cupidatat non proident, sunt in culpa qui officia\ndeserunt mollit anim id est laborum.\n\n  * Ut enim ad minim veniam\n  * Quis nostrud exercitation *ullamco laboris*\n  * Nisi ut aliquip ex ea commodo consequat\n\nPraesent id fermentum lorem. Ut est lorem, fringilla at accumsan nec, euismod at\nnunc. Aenean mattis sollicitudin mattis. Nullam pulvinar vestibulum bibendum.\nClass aptent taciti sociosqu ad litora torquent per conubia nostra, per inceptos\nhimenaeos. Fusce nulla purus, gravida ac interdum ut, blandit eget ex. Duis a\nluctus dolor.\n\nInteger auctor massa maximus nulla scelerisque accumsan. *Aliquam ac malesuada*\nex. Pellentesque tortor magna, vulputate eu vulputate ut, venenatis ac lectus.\nPraesent ut lacinia sem. Mauris a lectus eget felis mollis feugiat. Quisque\nefficitur, mi ut semper pulvinar, urna urna blandit massa, eget tincidunt augue\nnulla vitae est.\n\nUt posuere aliquet tincidunt. Aliquam erat volutpat. **Class aptent taciti**\nsociosqu ad litora torquent per conubia nostra, per inceptos himenaeos. Morbi\narcu orci, gravida eget aliquam eu, suscipit et ante. Morbi vulputate metus vel\nipsum finibus, ut dapibus massa feugiat. Vestibulum vel lobortis libero. Sed\ntincidunt tellus et viverra scelerisque. Pellentesque tincidunt cursus felis.\nSed in egestas erat.\n\nAliquam pulvinar interdum massa, vel ullamcorper ante consectetur eu. Vestibulum\nlacinia ac enim vel placerat. Integer pulvinar magna nec dui malesuada, nec\ncongue nisl dictum. Donec mollis nisl tortor, at congue erat consequat a. Nam\ntempus elit porta, blandit elit vel, viverra lorem. Sed sit amet tellus\ntincidunt, faucibus nisl in, aliquet libero.', '2018-10-31 17:49:13'),
(17, 1, 'Abnobas sunt hilotaes de placidus vita', 'abnobas-sunt-hilotaes-de-placidus-vita', 'Era brevis ratione est. Teres talis saepe tractare de camerarius flavum sensorem. Eposs sunt solems de superbus fortis. Mauris dapibus risus quis suscipit vulputate. Bassus fatalis classiss virtualiter transferre de flavum. Pellentesque vitae velit ex.', 'Lorem ipsum dolor sit amet consectetur adipisicing elit, sed do eiusmod tempor\nincididunt ut labore et **dolore magna aliqua**: Duis aute irure dolor in\nreprehenderit in voluptate velit esse cillum dolore eu fugiat nulla pariatur.\nExcepteur sint occaecat cupidatat non proident, sunt in culpa qui officia\ndeserunt mollit anim id est laborum.\n\n  * Ut enim ad minim veniam\n  * Quis nostrud exercitation *ullamco laboris*\n  * Nisi ut aliquip ex ea commodo consequat\n\nPraesent id fermentum lorem. Ut est lorem, fringilla at accumsan nec, euismod at\nnunc. Aenean mattis sollicitudin mattis. Nullam pulvinar vestibulum bibendum.\nClass aptent taciti sociosqu ad litora torquent per conubia nostra, per inceptos\nhimenaeos. Fusce nulla purus, gravida ac interdum ut, blandit eget ex. Duis a\nluctus dolor.\n\nInteger auctor massa maximus nulla scelerisque accumsan. *Aliquam ac malesuada*\nex. Pellentesque tortor magna, vulputate eu vulputate ut, venenatis ac lectus.\nPraesent ut lacinia sem. Mauris a lectus eget felis mollis feugiat. Quisque\nefficitur, mi ut semper pulvinar, urna urna blandit massa, eget tincidunt augue\nnulla vitae est.\n\nUt posuere aliquet tincidunt. Aliquam erat volutpat. **Class aptent taciti**\nsociosqu ad litora torquent per conubia nostra, per inceptos himenaeos. Morbi\narcu orci, gravida eget aliquam eu, suscipit et ante. Morbi vulputate metus vel\nipsum finibus, ut dapibus massa feugiat. Vestibulum vel lobortis libero. Sed\ntincidunt tellus et viverra scelerisque. Pellentesque tincidunt cursus felis.\nSed in egestas erat.\n\nAliquam pulvinar interdum massa, vel ullamcorper ante consectetur eu. Vestibulum\nlacinia ac enim vel placerat. Integer pulvinar magna nec dui malesuada, nec\ncongue nisl dictum. Donec mollis nisl tortor, at congue erat consequat a. Nam\ntempus elit porta, blandit elit vel, viverra lorem. Sed sit amet tellus\ntincidunt, faucibus nisl in, aliquet libero.', '2018-10-30 17:49:13'),
(18, 2, 'Ubi est audax amicitia', 'ubi-est-audax-amicitia', 'Sunt seculaes transferre talis camerarius fluctuies. Lorem ipsum dolor sit amet consectetur adipiscing elit. Curabitur aliquam euismod dolor non ornare. Mauris dapibus risus quis suscipit vulputate. Nunc viverra elit ac laoreet suscipit.', 'Lorem ipsum dolor sit amet consectetur adipisicing elit, sed do eiusmod tempor\nincididunt ut labore et **dolore magna aliqua**: Duis aute irure dolor in\nreprehenderit in voluptate velit esse cillum dolore eu fugiat nulla pariatur.\nExcepteur sint occaecat cupidatat non proident, sunt in culpa qui officia\ndeserunt mollit anim id est laborum.\n\n  * Ut enim ad minim veniam\n  * Quis nostrud exercitation *ullamco laboris*\n  * Nisi ut aliquip ex ea commodo consequat\n\nPraesent id fermentum lorem. Ut est lorem, fringilla at accumsan nec, euismod at\nnunc. Aenean mattis sollicitudin mattis. Nullam pulvinar vestibulum bibendum.\nClass aptent taciti sociosqu ad litora torquent per conubia nostra, per inceptos\nhimenaeos. Fusce nulla purus, gravida ac interdum ut, blandit eget ex. Duis a\nluctus dolor.\n\nInteger auctor massa maximus nulla scelerisque accumsan. *Aliquam ac malesuada*\nex. Pellentesque tortor magna, vulputate eu vulputate ut, venenatis ac lectus.\nPraesent ut lacinia sem. Mauris a lectus eget felis mollis feugiat. Quisque\nefficitur, mi ut semper pulvinar, urna urna blandit massa, eget tincidunt augue\nnulla vitae est.\n\nUt posuere aliquet tincidunt. Aliquam erat volutpat. **Class aptent taciti**\nsociosqu ad litora torquent per conubia nostra, per inceptos himenaeos. Morbi\narcu orci, gravida eget aliquam eu, suscipit et ante. Morbi vulputate metus vel\nipsum finibus, ut dapibus massa feugiat. Vestibulum vel lobortis libero. Sed\ntincidunt tellus et viverra scelerisque. Pellentesque tincidunt cursus felis.\nSed in egestas erat.\n\nAliquam pulvinar interdum massa, vel ullamcorper ante consectetur eu. Vestibulum\nlacinia ac enim vel placerat. Integer pulvinar magna nec dui malesuada, nec\ncongue nisl dictum. Donec mollis nisl tortor, at congue erat consequat a. Nam\ntempus elit porta, blandit elit vel, viverra lorem. Sed sit amet tellus\ntincidunt, faucibus nisl in, aliquet libero.', '2018-10-29 17:49:13'),
(19, 1, 'Eposs sunt solems de superbus fortis', 'eposs-sunt-solems-de-superbus-fortis', 'Ubi est barbatus nix. Eposs sunt solems de superbus fortis. Sunt seculaes transferre talis camerarius fluctuies. Sunt accentores vitare salvus flavum parses. Mauris dapibus risus quis suscipit vulputate. Ut eleifend mauris et risus ultrices egestas.', 'Lorem ipsum dolor sit amet consectetur adipisicing elit, sed do eiusmod tempor\nincididunt ut labore et **dolore magna aliqua**: Duis aute irure dolor in\nreprehenderit in voluptate velit esse cillum dolore eu fugiat nulla pariatur.\nExcepteur sint occaecat cupidatat non proident, sunt in culpa qui officia\ndeserunt mollit anim id est laborum.\n\n  * Ut enim ad minim veniam\n  * Quis nostrud exercitation *ullamco laboris*\n  * Nisi ut aliquip ex ea commodo consequat\n\nPraesent id fermentum lorem. Ut est lorem, fringilla at accumsan nec, euismod at\nnunc. Aenean mattis sollicitudin mattis. Nullam pulvinar vestibulum bibendum.\nClass aptent taciti sociosqu ad litora torquent per conubia nostra, per inceptos\nhimenaeos. Fusce nulla purus, gravida ac interdum ut, blandit eget ex. Duis a\nluctus dolor.\n\nInteger auctor massa maximus nulla scelerisque accumsan. *Aliquam ac malesuada*\nex. Pellentesque tortor magna, vulputate eu vulputate ut, venenatis ac lectus.\nPraesent ut lacinia sem. Mauris a lectus eget felis mollis feugiat. Quisque\nefficitur, mi ut semper pulvinar, urna urna blandit massa, eget tincidunt augue\nnulla vitae est.\n\nUt posuere aliquet tincidunt. Aliquam erat volutpat. **Class aptent taciti**\nsociosqu ad litora torquent per conubia nostra, per inceptos himenaeos. Morbi\narcu orci, gravida eget aliquam eu, suscipit et ante. Morbi vulputate metus vel\nipsum finibus, ut dapibus massa feugiat. Vestibulum vel lobortis libero. Sed\ntincidunt tellus et viverra scelerisque. Pellentesque tincidunt cursus felis.\nSed in egestas erat.\n\nAliquam pulvinar interdum massa, vel ullamcorper ante consectetur eu. Vestibulum\nlacinia ac enim vel placerat. Integer pulvinar magna nec dui malesuada, nec\ncongue nisl dictum. Donec mollis nisl tortor, at congue erat consequat a. Nam\ntempus elit porta, blandit elit vel, viverra lorem. Sed sit amet tellus\ntincidunt, faucibus nisl in, aliquet libero.', '2018-10-28 17:49:13'),
(20, 2, 'Vae humani generis', 'vae-humani-generis', 'Sed varius a risus eget aliquam. Morbi tempus commodo mattis. Eros diam egestas libero eu vulputate risus. Abnobas sunt hilotaes de placidus vita. Potus sensim ad ferox abnoba. Sunt accentores vitare salvus flavum parses. Ubi est barbatus nix.', 'Lorem ipsum dolor sit amet consectetur adipisicing elit, sed do eiusmod tempor\nincididunt ut labore et **dolore magna aliqua**: Duis aute irure dolor in\nreprehenderit in voluptate velit esse cillum dolore eu fugiat nulla pariatur.\nExcepteur sint occaecat cupidatat non proident, sunt in culpa qui officia\ndeserunt mollit anim id est laborum.\n\n  * Ut enim ad minim veniam\n  * Quis nostrud exercitation *ullamco laboris*\n  * Nisi ut aliquip ex ea commodo consequat\n\nPraesent id fermentum lorem. Ut est lorem, fringilla at accumsan nec, euismod at\nnunc. Aenean mattis sollicitudin mattis. Nullam pulvinar vestibulum bibendum.\nClass aptent taciti sociosqu ad litora torquent per conubia nostra, per inceptos\nhimenaeos. Fusce nulla purus, gravida ac interdum ut, blandit eget ex. Duis a\nluctus dolor.\n\nInteger auctor massa maximus nulla scelerisque accumsan. *Aliquam ac malesuada*\nex. Pellentesque tortor magna, vulputate eu vulputate ut, venenatis ac lectus.\nPraesent ut lacinia sem. Mauris a lectus eget felis mollis feugiat. Quisque\nefficitur, mi ut semper pulvinar, urna urna blandit massa, eget tincidunt augue\nnulla vitae est.\n\nUt posuere aliquet tincidunt. Aliquam erat volutpat. **Class aptent taciti**\nsociosqu ad litora torquent per conubia nostra, per inceptos himenaeos. Morbi\narcu orci, gravida eget aliquam eu, suscipit et ante. Morbi vulputate metus vel\nipsum finibus, ut dapibus massa feugiat. Vestibulum vel lobortis libero. Sed\ntincidunt tellus et viverra scelerisque. Pellentesque tincidunt cursus felis.\nSed in egestas erat.\n\nAliquam pulvinar interdum massa, vel ullamcorper ante consectetur eu. Vestibulum\nlacinia ac enim vel placerat. Integer pulvinar magna nec dui malesuada, nec\ncongue nisl dictum. Donec mollis nisl tortor, at congue erat consequat a. Nam\ntempus elit porta, blandit elit vel, viverra lorem. Sed sit amet tellus\ntincidunt, faucibus nisl in, aliquet libero.', '2018-10-27 17:49:13'),
(21, 1, 'Diatrias tolerare tanquam noster caesium', 'diatrias-tolerare-tanquam-noster-caesium', 'Ut eleifend mauris et risus ultrices egestas. Pellentesque vitae velit ex. Urna nisl sollicitudin id varius orci quam id turpis. Nulla porta lobortis ligula vel egestas. Nunc viverra elit ac laoreet suscipit. Era brevis ratione est. Ubi est barbatus nix.', 'Lorem ipsum dolor sit amet consectetur adipisicing elit, sed do eiusmod tempor\nincididunt ut labore et **dolore magna aliqua**: Duis aute irure dolor in\nreprehenderit in voluptate velit esse cillum dolore eu fugiat nulla pariatur.\nExcepteur sint occaecat cupidatat non proident, sunt in culpa qui officia\ndeserunt mollit anim id est laborum.\n\n  * Ut enim ad minim veniam\n  * Quis nostrud exercitation *ullamco laboris*\n  * Nisi ut aliquip ex ea commodo consequat\n\nPraesent id fermentum lorem. Ut est lorem, fringilla at accumsan nec, euismod at\nnunc. Aenean mattis sollicitudin mattis. Nullam pulvinar vestibulum bibendum.\nClass aptent taciti sociosqu ad litora torquent per conubia nostra, per inceptos\nhimenaeos. Fusce nulla purus, gravida ac interdum ut, blandit eget ex. Duis a\nluctus dolor.\n\nInteger auctor massa maximus nulla scelerisque accumsan. *Aliquam ac malesuada*\nex. Pellentesque tortor magna, vulputate eu vulputate ut, venenatis ac lectus.\nPraesent ut lacinia sem. Mauris a lectus eget felis mollis feugiat. Quisque\nefficitur, mi ut semper pulvinar, urna urna blandit massa, eget tincidunt augue\nnulla vitae est.\n\nUt posuere aliquet tincidunt. Aliquam erat volutpat. **Class aptent taciti**\nsociosqu ad litora torquent per conubia nostra, per inceptos himenaeos. Morbi\narcu orci, gravida eget aliquam eu, suscipit et ante. Morbi vulputate metus vel\nipsum finibus, ut dapibus massa feugiat. Vestibulum vel lobortis libero. Sed\ntincidunt tellus et viverra scelerisque. Pellentesque tincidunt cursus felis.\nSed in egestas erat.\n\nAliquam pulvinar interdum massa, vel ullamcorper ante consectetur eu. Vestibulum\nlacinia ac enim vel placerat. Integer pulvinar magna nec dui malesuada, nec\ncongue nisl dictum. Donec mollis nisl tortor, at congue erat consequat a. Nam\ntempus elit porta, blandit elit vel, viverra lorem. Sed sit amet tellus\ntincidunt, faucibus nisl in, aliquet libero.', '2018-10-26 17:49:13');
INSERT INTO `sf_post` (`id`, `author_id`, `title`, `slug`, `summary`, `content`, `published_at`) VALUES
(22, 2, 'Teres talis saepe tractare de camerarius flavum sensorem', 'teres-talis-saepe-tractare-de-camerarius-flavum-sensorem', 'Mineralis persuadere omnes finises desiderium. Ubi est barbatus nix. Mauris dapibus risus quis suscipit vulputate. Lorem ipsum dolor sit amet consectetur adipiscing elit. Era brevis ratione est. Aliquam sodales odio id eleifend tristique.', 'Lorem ipsum dolor sit amet consectetur adipisicing elit, sed do eiusmod tempor\nincididunt ut labore et **dolore magna aliqua**: Duis aute irure dolor in\nreprehenderit in voluptate velit esse cillum dolore eu fugiat nulla pariatur.\nExcepteur sint occaecat cupidatat non proident, sunt in culpa qui officia\ndeserunt mollit anim id est laborum.\n\n  * Ut enim ad minim veniam\n  * Quis nostrud exercitation *ullamco laboris*\n  * Nisi ut aliquip ex ea commodo consequat\n\nPraesent id fermentum lorem. Ut est lorem, fringilla at accumsan nec, euismod at\nnunc. Aenean mattis sollicitudin mattis. Nullam pulvinar vestibulum bibendum.\nClass aptent taciti sociosqu ad litora torquent per conubia nostra, per inceptos\nhimenaeos. Fusce nulla purus, gravida ac interdum ut, blandit eget ex. Duis a\nluctus dolor.\n\nInteger auctor massa maximus nulla scelerisque accumsan. *Aliquam ac malesuada*\nex. Pellentesque tortor magna, vulputate eu vulputate ut, venenatis ac lectus.\nPraesent ut lacinia sem. Mauris a lectus eget felis mollis feugiat. Quisque\nefficitur, mi ut semper pulvinar, urna urna blandit massa, eget tincidunt augue\nnulla vitae est.\n\nUt posuere aliquet tincidunt. Aliquam erat volutpat. **Class aptent taciti**\nsociosqu ad litora torquent per conubia nostra, per inceptos himenaeos. Morbi\narcu orci, gravida eget aliquam eu, suscipit et ante. Morbi vulputate metus vel\nipsum finibus, ut dapibus massa feugiat. Vestibulum vel lobortis libero. Sed\ntincidunt tellus et viverra scelerisque. Pellentesque tincidunt cursus felis.\nSed in egestas erat.\n\nAliquam pulvinar interdum massa, vel ullamcorper ante consectetur eu. Vestibulum\nlacinia ac enim vel placerat. Integer pulvinar magna nec dui malesuada, nec\ncongue nisl dictum. Donec mollis nisl tortor, at congue erat consequat a. Nam\ntempus elit porta, blandit elit vel, viverra lorem. Sed sit amet tellus\ntincidunt, faucibus nisl in, aliquet libero.', '2018-10-25 17:49:13'),
(23, 1, 'Silva de secundus galatae demitto quadra', 'silva-de-secundus-galatae-demitto-quadra', 'Ut eleifend mauris et risus ultrices egestas. Diatrias tolerare tanquam noster caesium. Era brevis ratione est. Teres talis saepe tractare de camerarius flavum sensorem. Morbi tempus commodo mattis. Curabitur aliquam euismod dolor non ornare.', 'Lorem ipsum dolor sit amet consectetur adipisicing elit, sed do eiusmod tempor\nincididunt ut labore et **dolore magna aliqua**: Duis aute irure dolor in\nreprehenderit in voluptate velit esse cillum dolore eu fugiat nulla pariatur.\nExcepteur sint occaecat cupidatat non proident, sunt in culpa qui officia\ndeserunt mollit anim id est laborum.\n\n  * Ut enim ad minim veniam\n  * Quis nostrud exercitation *ullamco laboris*\n  * Nisi ut aliquip ex ea commodo consequat\n\nPraesent id fermentum lorem. Ut est lorem, fringilla at accumsan nec, euismod at\nnunc. Aenean mattis sollicitudin mattis. Nullam pulvinar vestibulum bibendum.\nClass aptent taciti sociosqu ad litora torquent per conubia nostra, per inceptos\nhimenaeos. Fusce nulla purus, gravida ac interdum ut, blandit eget ex. Duis a\nluctus dolor.\n\nInteger auctor massa maximus nulla scelerisque accumsan. *Aliquam ac malesuada*\nex. Pellentesque tortor magna, vulputate eu vulputate ut, venenatis ac lectus.\nPraesent ut lacinia sem. Mauris a lectus eget felis mollis feugiat. Quisque\nefficitur, mi ut semper pulvinar, urna urna blandit massa, eget tincidunt augue\nnulla vitae est.\n\nUt posuere aliquet tincidunt. Aliquam erat volutpat. **Class aptent taciti**\nsociosqu ad litora torquent per conubia nostra, per inceptos himenaeos. Morbi\narcu orci, gravida eget aliquam eu, suscipit et ante. Morbi vulputate metus vel\nipsum finibus, ut dapibus massa feugiat. Vestibulum vel lobortis libero. Sed\ntincidunt tellus et viverra scelerisque. Pellentesque tincidunt cursus felis.\nSed in egestas erat.\n\nAliquam pulvinar interdum massa, vel ullamcorper ante consectetur eu. Vestibulum\nlacinia ac enim vel placerat. Integer pulvinar magna nec dui malesuada, nec\ncongue nisl dictum. Donec mollis nisl tortor, at congue erat consequat a. Nam\ntempus elit porta, blandit elit vel, viverra lorem. Sed sit amet tellus\ntincidunt, faucibus nisl in, aliquet libero.', '2018-10-24 17:49:13'),
(24, 1, 'Sunt accentores vitare salvus flavum parses', 'sunt-accentores-vitare-salvus-flavum-parses', 'Curabitur aliquam euismod dolor non ornare. Potus sensim ad ferox abnoba. Mauris dapibus risus quis suscipit vulputate. Bassus fatalis classiss virtualiter transferre de flavum. Vae humani generis. Diatrias tolerare tanquam noster caesium.', 'Lorem ipsum dolor sit amet consectetur adipisicing elit, sed do eiusmod tempor\nincididunt ut labore et **dolore magna aliqua**: Duis aute irure dolor in\nreprehenderit in voluptate velit esse cillum dolore eu fugiat nulla pariatur.\nExcepteur sint occaecat cupidatat non proident, sunt in culpa qui officia\ndeserunt mollit anim id est laborum.\n\n  * Ut enim ad minim veniam\n  * Quis nostrud exercitation *ullamco laboris*\n  * Nisi ut aliquip ex ea commodo consequat\n\nPraesent id fermentum lorem. Ut est lorem, fringilla at accumsan nec, euismod at\nnunc. Aenean mattis sollicitudin mattis. Nullam pulvinar vestibulum bibendum.\nClass aptent taciti sociosqu ad litora torquent per conubia nostra, per inceptos\nhimenaeos. Fusce nulla purus, gravida ac interdum ut, blandit eget ex. Duis a\nluctus dolor.\n\nInteger auctor massa maximus nulla scelerisque accumsan. *Aliquam ac malesuada*\nex. Pellentesque tortor magna, vulputate eu vulputate ut, venenatis ac lectus.\nPraesent ut lacinia sem. Mauris a lectus eget felis mollis feugiat. Quisque\nefficitur, mi ut semper pulvinar, urna urna blandit massa, eget tincidunt augue\nnulla vitae est.\n\nUt posuere aliquet tincidunt. Aliquam erat volutpat. **Class aptent taciti**\nsociosqu ad litora torquent per conubia nostra, per inceptos himenaeos. Morbi\narcu orci, gravida eget aliquam eu, suscipit et ante. Morbi vulputate metus vel\nipsum finibus, ut dapibus massa feugiat. Vestibulum vel lobortis libero. Sed\ntincidunt tellus et viverra scelerisque. Pellentesque tincidunt cursus felis.\nSed in egestas erat.\n\nAliquam pulvinar interdum massa, vel ullamcorper ante consectetur eu. Vestibulum\nlacinia ac enim vel placerat. Integer pulvinar magna nec dui malesuada, nec\ncongue nisl dictum. Donec mollis nisl tortor, at congue erat consequat a. Nam\ntempus elit porta, blandit elit vel, viverra lorem. Sed sit amet tellus\ntincidunt, faucibus nisl in, aliquet libero.', '2018-10-23 17:49:13'),
(25, 1, 'Potus sensim ad ferox abnoba', 'potus-sensim-ad-ferox-abnoba', 'Morbi tempus commodo mattis. Era brevis ratione est. Teres talis saepe tractare de camerarius flavum sensorem. Sed varius a risus eget aliquam. Ubi est audax amicitia. Ut suscipit posuere justo at vulputate. Aliquam sodales odio id eleifend tristique.', 'Lorem ipsum dolor sit amet consectetur adipisicing elit, sed do eiusmod tempor\nincididunt ut labore et **dolore magna aliqua**: Duis aute irure dolor in\nreprehenderit in voluptate velit esse cillum dolore eu fugiat nulla pariatur.\nExcepteur sint occaecat cupidatat non proident, sunt in culpa qui officia\ndeserunt mollit anim id est laborum.\n\n  * Ut enim ad minim veniam\n  * Quis nostrud exercitation *ullamco laboris*\n  * Nisi ut aliquip ex ea commodo consequat\n\nPraesent id fermentum lorem. Ut est lorem, fringilla at accumsan nec, euismod at\nnunc. Aenean mattis sollicitudin mattis. Nullam pulvinar vestibulum bibendum.\nClass aptent taciti sociosqu ad litora torquent per conubia nostra, per inceptos\nhimenaeos. Fusce nulla purus, gravida ac interdum ut, blandit eget ex. Duis a\nluctus dolor.\n\nInteger auctor massa maximus nulla scelerisque accumsan. *Aliquam ac malesuada*\nex. Pellentesque tortor magna, vulputate eu vulputate ut, venenatis ac lectus.\nPraesent ut lacinia sem. Mauris a lectus eget felis mollis feugiat. Quisque\nefficitur, mi ut semper pulvinar, urna urna blandit massa, eget tincidunt augue\nnulla vitae est.\n\nUt posuere aliquet tincidunt. Aliquam erat volutpat. **Class aptent taciti**\nsociosqu ad litora torquent per conubia nostra, per inceptos himenaeos. Morbi\narcu orci, gravida eget aliquam eu, suscipit et ante. Morbi vulputate metus vel\nipsum finibus, ut dapibus massa feugiat. Vestibulum vel lobortis libero. Sed\ntincidunt tellus et viverra scelerisque. Pellentesque tincidunt cursus felis.\nSed in egestas erat.\n\nAliquam pulvinar interdum massa, vel ullamcorper ante consectetur eu. Vestibulum\nlacinia ac enim vel placerat. Integer pulvinar magna nec dui malesuada, nec\ncongue nisl dictum. Donec mollis nisl tortor, at congue erat consequat a. Nam\ntempus elit porta, blandit elit vel, viverra lorem. Sed sit amet tellus\ntincidunt, faucibus nisl in, aliquet libero.', '2018-10-22 17:49:13'),
(26, 1, 'Sunt seculaes transferre talis camerarius fluctuies', 'sunt-seculaes-transferre-talis-camerarius-fluctuies', 'Mauris dapibus risus quis suscipit vulputate. Nulla porta lobortis ligula vel egestas. Diatrias tolerare tanquam noster caesium. Pellentesque vitae velit ex. Vae humani generis. Potus sensim ad ferox abnoba. Curabitur aliquam euismod dolor non ornare.', 'Lorem ipsum dolor sit amet consectetur adipisicing elit, sed do eiusmod tempor\nincididunt ut labore et **dolore magna aliqua**: Duis aute irure dolor in\nreprehenderit in voluptate velit esse cillum dolore eu fugiat nulla pariatur.\nExcepteur sint occaecat cupidatat non proident, sunt in culpa qui officia\ndeserunt mollit anim id est laborum.\n\n  * Ut enim ad minim veniam\n  * Quis nostrud exercitation *ullamco laboris*\n  * Nisi ut aliquip ex ea commodo consequat\n\nPraesent id fermentum lorem. Ut est lorem, fringilla at accumsan nec, euismod at\nnunc. Aenean mattis sollicitudin mattis. Nullam pulvinar vestibulum bibendum.\nClass aptent taciti sociosqu ad litora torquent per conubia nostra, per inceptos\nhimenaeos. Fusce nulla purus, gravida ac interdum ut, blandit eget ex. Duis a\nluctus dolor.\n\nInteger auctor massa maximus nulla scelerisque accumsan. *Aliquam ac malesuada*\nex. Pellentesque tortor magna, vulputate eu vulputate ut, venenatis ac lectus.\nPraesent ut lacinia sem. Mauris a lectus eget felis mollis feugiat. Quisque\nefficitur, mi ut semper pulvinar, urna urna blandit massa, eget tincidunt augue\nnulla vitae est.\n\nUt posuere aliquet tincidunt. Aliquam erat volutpat. **Class aptent taciti**\nsociosqu ad litora torquent per conubia nostra, per inceptos himenaeos. Morbi\narcu orci, gravida eget aliquam eu, suscipit et ante. Morbi vulputate metus vel\nipsum finibus, ut dapibus massa feugiat. Vestibulum vel lobortis libero. Sed\ntincidunt tellus et viverra scelerisque. Pellentesque tincidunt cursus felis.\nSed in egestas erat.\n\nAliquam pulvinar interdum massa, vel ullamcorper ante consectetur eu. Vestibulum\nlacinia ac enim vel placerat. Integer pulvinar magna nec dui malesuada, nec\ncongue nisl dictum. Donec mollis nisl tortor, at congue erat consequat a. Nam\ntempus elit porta, blandit elit vel, viverra lorem. Sed sit amet tellus\ntincidunt, faucibus nisl in, aliquet libero.', '2018-10-21 17:49:13'),
(27, 2, 'Era brevis ratione est', 'era-brevis-ratione-est', 'Era brevis ratione est. Ut suscipit posuere justo at vulputate. Eposs sunt solems de superbus fortis. Eros diam egestas libero eu vulputate risus. Potus sensim ad ferox abnoba. Morbi tempus commodo mattis. Sed varius a risus eget aliquam.', 'Lorem ipsum dolor sit amet consectetur adipisicing elit, sed do eiusmod tempor\nincididunt ut labore et **dolore magna aliqua**: Duis aute irure dolor in\nreprehenderit in voluptate velit esse cillum dolore eu fugiat nulla pariatur.\nExcepteur sint occaecat cupidatat non proident, sunt in culpa qui officia\ndeserunt mollit anim id est laborum.\n\n  * Ut enim ad minim veniam\n  * Quis nostrud exercitation *ullamco laboris*\n  * Nisi ut aliquip ex ea commodo consequat\n\nPraesent id fermentum lorem. Ut est lorem, fringilla at accumsan nec, euismod at\nnunc. Aenean mattis sollicitudin mattis. Nullam pulvinar vestibulum bibendum.\nClass aptent taciti sociosqu ad litora torquent per conubia nostra, per inceptos\nhimenaeos. Fusce nulla purus, gravida ac interdum ut, blandit eget ex. Duis a\nluctus dolor.\n\nInteger auctor massa maximus nulla scelerisque accumsan. *Aliquam ac malesuada*\nex. Pellentesque tortor magna, vulputate eu vulputate ut, venenatis ac lectus.\nPraesent ut lacinia sem. Mauris a lectus eget felis mollis feugiat. Quisque\nefficitur, mi ut semper pulvinar, urna urna blandit massa, eget tincidunt augue\nnulla vitae est.\n\nUt posuere aliquet tincidunt. Aliquam erat volutpat. **Class aptent taciti**\nsociosqu ad litora torquent per conubia nostra, per inceptos himenaeos. Morbi\narcu orci, gravida eget aliquam eu, suscipit et ante. Morbi vulputate metus vel\nipsum finibus, ut dapibus massa feugiat. Vestibulum vel lobortis libero. Sed\ntincidunt tellus et viverra scelerisque. Pellentesque tincidunt cursus felis.\nSed in egestas erat.\n\nAliquam pulvinar interdum massa, vel ullamcorper ante consectetur eu. Vestibulum\nlacinia ac enim vel placerat. Integer pulvinar magna nec dui malesuada, nec\ncongue nisl dictum. Donec mollis nisl tortor, at congue erat consequat a. Nam\ntempus elit porta, blandit elit vel, viverra lorem. Sed sit amet tellus\ntincidunt, faucibus nisl in, aliquet libero.', '2018-10-20 17:49:13'),
(28, 2, 'Sunt torquises imitari velox mirabilis medicinaes', 'sunt-torquises-imitari-velox-mirabilis-medicinaes', 'Eposs sunt solems de superbus fortis. Nulla porta lobortis ligula vel egestas. Abnobas sunt hilotaes de placidus vita. Pellentesque vitae velit ex. Lorem ipsum dolor sit amet consectetur adipiscing elit.', 'Lorem ipsum dolor sit amet consectetur adipisicing elit, sed do eiusmod tempor\nincididunt ut labore et **dolore magna aliqua**: Duis aute irure dolor in\nreprehenderit in voluptate velit esse cillum dolore eu fugiat nulla pariatur.\nExcepteur sint occaecat cupidatat non proident, sunt in culpa qui officia\ndeserunt mollit anim id est laborum.\n\n  * Ut enim ad minim veniam\n  * Quis nostrud exercitation *ullamco laboris*\n  * Nisi ut aliquip ex ea commodo consequat\n\nPraesent id fermentum lorem. Ut est lorem, fringilla at accumsan nec, euismod at\nnunc. Aenean mattis sollicitudin mattis. Nullam pulvinar vestibulum bibendum.\nClass aptent taciti sociosqu ad litora torquent per conubia nostra, per inceptos\nhimenaeos. Fusce nulla purus, gravida ac interdum ut, blandit eget ex. Duis a\nluctus dolor.\n\nInteger auctor massa maximus nulla scelerisque accumsan. *Aliquam ac malesuada*\nex. Pellentesque tortor magna, vulputate eu vulputate ut, venenatis ac lectus.\nPraesent ut lacinia sem. Mauris a lectus eget felis mollis feugiat. Quisque\nefficitur, mi ut semper pulvinar, urna urna blandit massa, eget tincidunt augue\nnulla vitae est.\n\nUt posuere aliquet tincidunt. Aliquam erat volutpat. **Class aptent taciti**\nsociosqu ad litora torquent per conubia nostra, per inceptos himenaeos. Morbi\narcu orci, gravida eget aliquam eu, suscipit et ante. Morbi vulputate metus vel\nipsum finibus, ut dapibus massa feugiat. Vestibulum vel lobortis libero. Sed\ntincidunt tellus et viverra scelerisque. Pellentesque tincidunt cursus felis.\nSed in egestas erat.\n\nAliquam pulvinar interdum massa, vel ullamcorper ante consectetur eu. Vestibulum\nlacinia ac enim vel placerat. Integer pulvinar magna nec dui malesuada, nec\ncongue nisl dictum. Donec mollis nisl tortor, at congue erat consequat a. Nam\ntempus elit porta, blandit elit vel, viverra lorem. Sed sit amet tellus\ntincidunt, faucibus nisl in, aliquet libero.', '2018-10-19 17:49:13'),
(29, 1, 'Mineralis persuadere omnes finises desiderium', 'mineralis-persuadere-omnes-finises-desiderium', 'Diatrias tolerare tanquam noster caesium. Pellentesque et sapien pulvinar consectetur. Era brevis ratione est. Sunt seculaes transferre talis camerarius fluctuies. Sunt torquises imitari velox mirabilis medicinaes.', 'Lorem ipsum dolor sit amet consectetur adipisicing elit, sed do eiusmod tempor\nincididunt ut labore et **dolore magna aliqua**: Duis aute irure dolor in\nreprehenderit in voluptate velit esse cillum dolore eu fugiat nulla pariatur.\nExcepteur sint occaecat cupidatat non proident, sunt in culpa qui officia\ndeserunt mollit anim id est laborum.\n\n  * Ut enim ad minim veniam\n  * Quis nostrud exercitation *ullamco laboris*\n  * Nisi ut aliquip ex ea commodo consequat\n\nPraesent id fermentum lorem. Ut est lorem, fringilla at accumsan nec, euismod at\nnunc. Aenean mattis sollicitudin mattis. Nullam pulvinar vestibulum bibendum.\nClass aptent taciti sociosqu ad litora torquent per conubia nostra, per inceptos\nhimenaeos. Fusce nulla purus, gravida ac interdum ut, blandit eget ex. Duis a\nluctus dolor.\n\nInteger auctor massa maximus nulla scelerisque accumsan. *Aliquam ac malesuada*\nex. Pellentesque tortor magna, vulputate eu vulputate ut, venenatis ac lectus.\nPraesent ut lacinia sem. Mauris a lectus eget felis mollis feugiat. Quisque\nefficitur, mi ut semper pulvinar, urna urna blandit massa, eget tincidunt augue\nnulla vitae est.\n\nUt posuere aliquet tincidunt. Aliquam erat volutpat. **Class aptent taciti**\nsociosqu ad litora torquent per conubia nostra, per inceptos himenaeos. Morbi\narcu orci, gravida eget aliquam eu, suscipit et ante. Morbi vulputate metus vel\nipsum finibus, ut dapibus massa feugiat. Vestibulum vel lobortis libero. Sed\ntincidunt tellus et viverra scelerisque. Pellentesque tincidunt cursus felis.\nSed in egestas erat.\n\nAliquam pulvinar interdum massa, vel ullamcorper ante consectetur eu. Vestibulum\nlacinia ac enim vel placerat. Integer pulvinar magna nec dui malesuada, nec\ncongue nisl dictum. Donec mollis nisl tortor, at congue erat consequat a. Nam\ntempus elit porta, blandit elit vel, viverra lorem. Sed sit amet tellus\ntincidunt, faucibus nisl in, aliquet libero.', '2018-10-18 17:49:13'),
(30, 2, 'Bassus fatalis classiss virtualiter transferre de flavum', 'bassus-fatalis-classiss-virtualiter-transferre-de-flavum', 'Ubi est audax amicitia. Sunt accentores vitare salvus flavum parses. Ut eleifend mauris et risus ultrices egestas. Lorem ipsum dolor sit amet consectetur adipiscing elit. In hac habitasse platea dictumst. Morbi tempus commodo mattis.', 'Lorem ipsum dolor sit amet consectetur adipisicing elit, sed do eiusmod tempor\nincididunt ut labore et **dolore magna aliqua**: Duis aute irure dolor in\nreprehenderit in voluptate velit esse cillum dolore eu fugiat nulla pariatur.\nExcepteur sint occaecat cupidatat non proident, sunt in culpa qui officia\ndeserunt mollit anim id est laborum.\n\n  * Ut enim ad minim veniam\n  * Quis nostrud exercitation *ullamco laboris*\n  * Nisi ut aliquip ex ea commodo consequat\n\nPraesent id fermentum lorem. Ut est lorem, fringilla at accumsan nec, euismod at\nnunc. Aenean mattis sollicitudin mattis. Nullam pulvinar vestibulum bibendum.\nClass aptent taciti sociosqu ad litora torquent per conubia nostra, per inceptos\nhimenaeos. Fusce nulla purus, gravida ac interdum ut, blandit eget ex. Duis a\nluctus dolor.\n\nInteger auctor massa maximus nulla scelerisque accumsan. *Aliquam ac malesuada*\nex. Pellentesque tortor magna, vulputate eu vulputate ut, venenatis ac lectus.\nPraesent ut lacinia sem. Mauris a lectus eget felis mollis feugiat. Quisque\nefficitur, mi ut semper pulvinar, urna urna blandit massa, eget tincidunt augue\nnulla vitae est.\n\nUt posuere aliquet tincidunt. Aliquam erat volutpat. **Class aptent taciti**\nsociosqu ad litora torquent per conubia nostra, per inceptos himenaeos. Morbi\narcu orci, gravida eget aliquam eu, suscipit et ante. Morbi vulputate metus vel\nipsum finibus, ut dapibus massa feugiat. Vestibulum vel lobortis libero. Sed\ntincidunt tellus et viverra scelerisque. Pellentesque tincidunt cursus felis.\nSed in egestas erat.\n\nAliquam pulvinar interdum massa, vel ullamcorper ante consectetur eu. Vestibulum\nlacinia ac enim vel placerat. Integer pulvinar magna nec dui malesuada, nec\ncongue nisl dictum. Donec mollis nisl tortor, at congue erat consequat a. Nam\ntempus elit porta, blandit elit vel, viverra lorem. Sed sit amet tellus\ntincidunt, faucibus nisl in, aliquet libero.', '2018-10-17 17:49:13');

-- --------------------------------------------------------

--
-- Table structure for table `sf_post_tag`
--

CREATE TABLE `sf_post_tag` (
  `post_id` int(11) NOT NULL,
  `tag_id` int(11) NOT NULL
) ENGINE=InnoDB DEFAULT CHARSET=utf8mb4 COLLATE=utf8mb4_unicode_ci;

--
-- Dumping data for table `sf_post_tag`
--

INSERT INTO `sf_post_tag` (`post_id`, `tag_id`) VALUES
(1, 5),
(1, 9),
(2, 4),
(2, 7),
(2, 9),
(3, 1),
(3, 2),
(3, 8),
(4, 7),
(4, 8),
(4, 9),
(5, 3),
(5, 5),
(5, 6),
(5, 7),
(6, 3),
(6, 4),
(7, 2),
(7, 4),
(7, 7),
(7, 9),
(8, 2),
(8, 7),
(8, 8),
(9, 1),
(9, 5),
(9, 7),
(10, 2),
(10, 4),
(10, 7),
(10, 8),
(11, 5),
(11, 6),
(11, 8),
(12, 7),
(12, 9),
(13, 2),
(13, 6),
(13, 8),
(14, 3),
(14, 5),
(15, 3),
(15, 5),
(16, 3),
(16, 4),
(16, 5),
(17, 4),
(17, 5),
(17, 6),
(18, 1),
(18, 3),
(18, 4),
(19, 2),
(19, 4),
(19, 8),
(19, 9),
(20, 5),
(20, 9),
(21, 2),
(21, 5),
(21, 6),
(22, 5),
(22, 7),
(23, 2),
(23, 7),
(24, 3),
(24, 5),
(24, 6),
(25, 2),
(25, 7),
(25, 8),
(25, 9),
(26, 3),
(26, 7),
(26, 8),
(27, 2),
(27, 4),
(27, 5),
(27, 9),
(28, 2),
(28, 5),
(28, 6),
(28, 7),
(29, 2),
(29, 3),
(29, 5),
(29, 9),
(30, 2),
(30, 4),
(30, 6);

-- --------------------------------------------------------

--
-- Table structure for table `sf_tag`
--

CREATE TABLE `sf_tag` (
  `id` int(11) NOT NULL,
  `name` varchar(255) CHARACTER SET utf8mb4 COLLATE utf8mb4_unicode_ci NOT NULL,
  `published_at` datetime NOT NULL
) ENGINE=InnoDB DEFAULT CHARSET=utf8;

--
-- Dumping data for table `sf_tag`
--

INSERT INTO `sf_tag` (`id`, `name`, `published_at`) VALUES
(1, 'lorem', '0000-00-00 00:00:00'),
(2, 'ipsum', '0000-00-00 00:00:00'),
(3, 'consectetur', '0000-00-00 00:00:00'),
(4, 'adipiscing', '0000-00-00 00:00:00'),
(5, 'incididunt', '0000-00-00 00:00:00'),
(6, 'labore', '0000-00-00 00:00:00'),
(7, 'voluptate', '0000-00-00 00:00:00'),
(8, 'dolore', '0000-00-00 00:00:00'),
(9, 'pariatur', '0000-00-00 00:00:00');

-- --------------------------------------------------------

--
-- Table structure for table `sf_user`
--

CREATE TABLE `sf_user` (
  `id` int(11) NOT NULL,
  `username` varchar(255) CHARACTER SET utf8mb4 COLLATE utf8mb4_unicode_ci NOT NULL,
  `full_name` varchar(255) NOT NULL,
  `email` varchar(255) CHARACTER SET utf8mb4 COLLATE utf8mb4_unicode_ci NOT NULL,
  `password` varchar(255) CHARACTER SET utf8mb4 COLLATE utf8mb4_unicode_ci NOT NULL,
  `roles` longtext CHARACTER SET utf8mb4 COLLATE utf8mb4_unicode_ci NOT NULL,
  `published_at` datetime NOT NULL
) ENGINE=InnoDB DEFAULT CHARSET=utf8;

--
-- Dumping data for table `sf_user`
--

INSERT INTO `sf_user` (`id`, `username`, `full_name`, `email`, `password`, `roles`, `published_at`) VALUES
(1, 'jane_admin', 'Jane Doe', 'jane_admin@symfony.com', '$2y$13$nWXBoKIkffJ3HdOZzbn8Gukv8Q4Y5p3WcZQdNYBs4AroUz3ts818e', '[\"ROLE_ADMIN\"]', '0000-00-00 00:00:00'),
(2, 'tom_admin', 'Tom Doe', 'tom_admin@symfony.com', '$2y$13$h0FRUQfKPDGxHm9PFiwUq.oodsrzDN9lDypeApuAVlkReojn0XMwe', '[\"ROLE_ADMIN\"]', '0000-00-00 00:00:00'),
(3, 'john_user', 'John Doe', 'john_user@symfony.com', '$2y$13$0V0VkTdoasdn/bbpG/KddO5RJtyaEkVGH1kafAr6jMe7QT/9A4JSm', '[\"ROLE_USER\"]', '0000-00-00 00:00:00');

--
-- Indexes for dumped tables
--

--
-- Indexes for table `sf_comment`
--
ALTER TABLE `sf_comment`
  ADD PRIMARY KEY (`id`),
  ADD KEY `IDX_53AD8F834B89032C` (`post_id`),
  ADD KEY `IDX_53AD8F83F675F31B` (`author_id`);

--
-- Indexes for table `sf_post`
--
ALTER TABLE `sf_post`
  ADD PRIMARY KEY (`id`),
  ADD KEY `IDX_58A92E65F675F31B` (`author_id`);

--
-- Indexes for table `sf_post_tag`
--
ALTER TABLE `sf_post_tag`
  ADD PRIMARY KEY (`post_id`,`tag_id`),
  ADD KEY `IDX_6ABC1CC44B89032C` (`post_id`),
  ADD KEY `IDX_6ABC1CC4BAD26311` (`tag_id`);

--
-- Indexes for table `sf_tag`
--
ALTER TABLE `sf_tag`
  ADD PRIMARY KEY (`id`);

--
-- Indexes for table `sf_user`
--
ALTER TABLE `sf_user`
  ADD PRIMARY KEY (`id`),
  ADD KEY `IDX_58A92E65F675F31B` (`username`(191));

--
-- AUTO_INCREMENT for dumped tables
--

--
-- AUTO_INCREMENT for table `sf_comment`
--
ALTER TABLE `sf_comment`
  MODIFY `id` int(11) NOT NULL AUTO_INCREMENT, AUTO_INCREMENT=151;

--
-- AUTO_INCREMENT for table `sf_post`
--
ALTER TABLE `sf_post`
  MODIFY `id` int(11) NOT NULL AUTO_INCREMENT, AUTO_INCREMENT=31;

--
-- AUTO_INCREMENT for table `sf_tag`
--
ALTER TABLE `sf_tag`
  MODIFY `id` int(11) NOT NULL AUTO_INCREMENT, AUTO_INCREMENT=10;

--
-- AUTO_INCREMENT for table `sf_user`
--
ALTER TABLE `sf_user`
  MODIFY `id` int(11) NOT NULL AUTO_INCREMENT, AUTO_INCREMENT=4;
COMMIT;

/*!40101 SET CHARACTER_SET_CLIENT=@OLD_CHARACTER_SET_CLIENT */;
/*!40101 SET CHARACTER_SET_RESULTS=@OLD_CHARACTER_SET_RESULTS */;
/*!40101 SET COLLATION_CONNECTION=@OLD_COLLATION_CONNECTION */;
